id,gender,age_grp,wave,country,lower,upper,age,norm_raw,vaccine_norm
1,female,20-30,9,PH,20,30,22,72.10338257,72
2,female,20-30,9,PH,20,30,25,74.47079584,74
3,female,20-30,9,PH,20,30,25,45.01187938,45
4,female,20-30,9,PH,20,30,25,72.75230481,73
5,female,20-30,9,PH,20,30,29,116.5817035,100
6,female,20-30,9,PH,20,30,30,80.19914155,80
7,female,20-30,9,PH,20,30,21,44.04227741,44
8,female,20-30,9,PH,20,30,26,70.81190201,71
9,female,20-30,9,PH,20,30,27,87.42585374,87
10,female,20-30,9,PH,20,30,20,32.6812035,33
11,female,20-30,9,PH,20,30,25,64.3897365,64
12,female,20-30,9,PH,20,30,22,70.88786771,71
13,female,20-30,9,PH,20,30,20,50.94373014,51
14,female,20-30,9,PH,20,30,25,46.83447121,47
15,female,20-30,9,PH,20,30,28,33.74197671,34
16,female,20-30,9,PH,20,30,23,72.96676959,73
17,female,20-30,9,PH,20,30,27,55.21900792,55
18,female,20-30,9,PH,20,30,28,28.41218459,28
19,female,20-30,9,PH,20,30,25,52.51471862,53
20,female,20-30,9,PH,20,30,29,77.70708348,78
21,female,20-30,9,PH,20,30,22,54.70661078,55
22,female,20-30,9,PH,20,30,24,56.02247688,56
23,female,20-30,9,PH,20,30,22,86.82227293,87
24,female,20-30,9,PH,20,30,20,49.97475538,50
25,female,20-30,9,PH,20,30,27,47.19577393,47
26,female,20-30,9,PH,20,30,30,42.02101835,42
27,female,20-30,9,PH,20,30,23,58.07692655,58
28,female,20-30,9,PH,20,30,28,54.31128495,54
29,female,20-30,9,PH,20,30,23,73.59844309,74
30,female,20-30,9,PH,20,30,26,60.60559243,61
31,female,20-30,9,PH,20,30,24,61.34489348,61
32,female,20-30,9,PH,20,30,21,68.96855423,69
33,female,20-30,9,PH,20,30,23,29.76847741,30
34,female,20-30,9,PH,20,30,22,32.1236832,32
35,female,20-30,9,PH,20,30,21,47.17842349,47
36,female,20-30,9,PH,20,30,27,37.73461156,38
37,female,20-30,9,PH,20,30,22,78.85345979,79
38,female,20-30,9,PH,20,30,21,62.01362824,62
39,female,20-30,9,PH,20,30,24,108.7147337,100
40,female,20-30,9,PH,20,30,24,62.48896455,62
41,female,20-30,9,PH,20,30,21,54.14363084,54
42,female,20-30,9,PH,20,30,24,36.17740401,36
43,female,20-30,9,PH,20,30,30,62.6239666,63
44,female,20-30,9,PH,20,30,27,64.77860273,65
45,female,20-30,9,PH,20,30,26,33.46412614,33
46,female,20-30,9,PH,20,30,24,46.08973453,46
47,female,20-30,9,PH,20,30,20,29.56413519,30
48,female,20-30,9,PH,20,30,22,84.4199541,84
49,female,20-30,9,PH,20,30,28,47.41866249,47
50,female,20-30,9,PH,20,30,21,56.91919885,57
51,female,20-30,9,PH,20,30,24,71.55318054,72
52,female,20-30,9,PH,20,30,22,91.84576039,92
53,female,20-30,9,PH,20,30,30,62.4242219,62
54,female,20-30,9,PH,20,30,21,58.41955573,58
55,female,20-30,9,PH,20,30,24,34.46118192,34
56,female,20-30,9,PH,20,30,28,50.64304523,51
57,female,20-30,9,PH,20,30,24,47.72436116,48
58,female,20-30,9,PH,20,30,30,56.11006364,56
59,female,20-30,9,PH,20,30,28,71.90980752,72
60,female,20-30,9,PH,20,30,23,69.57239313,70
61,female,20-30,9,PH,20,30,29,60.18770024,60
62,female,20-30,9,PH,20,30,24,55.22401059,55
63,female,20-30,9,PH,20,30,25,58.98715762,59
64,female,20-30,9,PH,20,30,23,78.6226506,79
65,female,20-30,9,PH,20,30,23,51.25840061,51
66,female,20-30,9,PH,20,30,29,34.04739647,34
67,female,20-30,9,PH,20,30,30,48.45921934,48
68,female,20-30,9,PH,20,30,24,63.64341224,64
69,female,20-30,9,PH,20,30,21,78.09899096,78
70,female,20-30,9,PH,20,30,26,84.05948899,84
71,female,20-30,9,PH,20,30,30,81.77641537,82
72,female,20-30,9,PH,20,30,21,76.40093553,76
73,female,20-30,9,PH,20,30,28,34.19074482,34
74,female,20-30,9,PH,20,30,30,83.81471328,84
75,female,20-30,9,PH,20,30,20,79.97503668,80
76,female,20-30,9,PH,20,30,21,66.16401172,66
77,female,20-30,9,PH,20,30,27,81.95866719,82
78,female,20-30,9,PH,20,30,23,96.2397161,96
79,female,20-30,9,PH,20,30,25,45.46067922,45
80,female,20-30,9,PH,20,30,28,83.903273,84
81,female,20-30,9,PH,20,30,22,46.76061156,47
82,female,20-30,9,PH,20,30,27,36.37866574,36
83,female,20-30,9,PH,20,30,27,45.494123,45
84,female,20-30,9,PH,20,30,24,86.00315824,86
85,female,20-30,9,PH,20,30,22,79.68829448,80
86,female,20-30,9,PH,20,30,21,83.90178544,84
87,female,20-30,9,PH,20,30,26,44.96592749,45
88,female,20-30,9,PH,20,30,30,69.07157192,69
89,female,20-30,9,PH,20,30,20,81.67480002,82
90,female,20-30,9,PH,20,30,28,40.66917447,41
91,female,20-30,9,PH,20,30,26,75.6274234,76
92,female,20-30,9,PH,20,30,30,50.72686072,51
93,female,20-30,9,PH,20,30,24,44.85492645,45
94,female,20-30,9,PH,20,30,23,74.11674311,74
95,female,20-30,9,PH,20,30,25,38.09895552,38
96,female,20-30,9,PH,20,30,23,57.33709713,57
97,female,20-30,9,PH,20,30,27,76.16796739,76
98,female,20-30,9,PH,20,30,23,45.01938489,45
99,female,20-30,9,PH,20,30,20,59.47624315,59
100,female,20-30,9,PH,20,30,29,65.14311026,65
101,female,20-30,9,PH,20,30,28,54.99762622,55
102,female,20-30,9,PH,20,30,20,89.38808663,89
103,female,20-30,9,PH,20,30,29,66.86898732,67
104,female,20-30,9,PH,20,30,27,70.1279928,70
105,female,20-30,9,PH,20,30,27,48.95417889,49
106,female,20-30,9,PH,20,30,23,61.36568157,61
107,female,20-30,9,PH,20,30,23,71.14445887,71
108,female,20-30,9,PH,20,30,21,60.14179202,60
109,female,20-30,9,PH,20,30,23,46.60047787,47
110,female,20-30,9,PH,20,30,20,112.405967,100
111,female,20-30,9,PH,20,30,23,63.48358005,63
112,female,20-30,9,PH,20,30,20,58.73886721,59
113,female,20-30,9,PH,20,30,30,76.53997648,77
114,female,20-30,9,PH,20,30,26,76.71534787,77
115,female,20-30,9,PH,20,30,29,102.2133865,100
116,female,20-30,9,PH,20,30,28,74.55124027,75
117,female,20-30,9,PH,20,30,30,77.61482113,78
118,female,20-30,9,PH,20,30,30,68.30420959,68
119,female,20-30,9,PH,20,30,28,78.3774968,78
120,female,20-30,9,PH,20,30,20,100.7508072,100
121,female,20-30,9,PH,20,30,21,73.49105543,73
122,female,20-30,9,PH,20,30,24,57.13618482,57
123,female,20-30,9,PH,20,30,25,61.35985076,61
124,female,20-30,9,PH,20,30,22,70.01801638,70
125,female,20-30,9,PH,20,30,23,52.3830587,52
126,female,20-30,9,PH,20,30,28,95.83569534,96
127,female,20-30,9,PH,20,30,26,61.30168517,61
128,female,20-30,9,PH,20,30,20,85.94918968,86
129,female,20-30,9,PH,20,30,23,65.50843379,66
130,female,20-30,9,PH,20,30,24,102.4399574,100
131,female,20-30,9,PH,20,30,23,57.42243264,57
132,female,20-30,9,PH,20,30,21,57.18054173,57
133,female,20-30,9,PH,20,30,21,66.16144772,66
134,female,20-30,9,PH,20,30,30,53.18588829,53
135,female,20-30,9,PH,20,30,23,73.41688365,73
136,female,20-30,9,PH,20,30,27,33.54476602,34
137,female,20-30,9,PH,20,30,21,73.28087895,73
138,female,20-30,9,PH,20,30,20,54.28576216,54
139,female,20-30,9,PH,20,30,24,69.63715664,70
140,female,20-30,9,PH,20,30,27,84.94877412,85
141,female,20-30,9,PH,20,30,30,46.92945143,47
142,female,20-30,9,PH,20,30,28,33.45596168,33
143,female,20-30,9,PH,20,30,26,59.71637501,60
144,female,20-30,9,PH,20,30,23,86.95249652,87
145,female,20-30,9,PH,20,30,21,79.65875568,80
146,female,20-30,9,PH,20,30,25,56.49965532,56
147,female,20-30,9,PH,20,30,22,58.39924386,58
148,female,20-30,9,PH,20,30,20,67.46998287,67
149,female,20-30,9,PH,20,30,25,65.75946437,66
150,female,20-30,9,PH,20,30,21,79.93542819,80
151,female,20-30,9,PH,20,30,24,54.39305003,54
152,female,20-30,9,PH,20,30,21,97.21188651,97
153,female,20-30,9,PH,20,30,29,68.62540673,69
154,female,20-30,9,PH,20,30,21,28.32287374,28
155,female,20-30,9,PH,20,30,30,53.34514054,53
156,female,20-30,9,PH,20,30,28,72.47089084,72
157,female,20-30,9,PH,20,30,22,46.82903849,47
158,female,20-30,9,PH,20,30,22,89.5138647,90
159,female,20-30,9,PH,20,30,24,53.84619044,54
160,female,20-30,9,PH,20,30,28,61.06014655,61
161,female,20-30,9,PH,20,30,23,86.44345824,86
162,female,20-30,9,PH,20,30,20,49.58249362,50
163,female,20-30,9,PH,20,30,23,50.61581098,51
164,female,20-30,9,PH,20,30,21,74.5225725,75
165,female,20-30,9,PH,20,30,20,63.26034191,63
166,female,20-30,9,PH,20,30,23,71.92378883,72
167,female,20-30,9,PH,20,30,23,68.87789277,69
168,female,20-30,9,PH,20,30,30,60.90566856,61
169,female,20-30,9,PH,20,30,25,41.6815969,42
170,female,20-30,9,PH,20,30,28,95.87765427,96
171,female,20-30,9,PH,20,30,30,58.96036277,59
172,female,20-30,9,PH,20,30,24,48.0474124,48
173,female,20-30,9,PH,20,30,23,53.67041579,54
174,female,20-30,9,PH,20,30,27,81.12158449,81
175,female,20-30,9,PH,20,30,30,77.39855631,77
176,female,20-30,9,PH,20,30,27,55.26199973,55
177,female,20-30,9,PH,20,30,20,38.7952426,39
178,female,20-30,9,PH,20,30,26,48.59365896,49
179,female,20-30,9,PH,20,30,24,34.74891466,35
180,female,20-30,9,PH,20,30,25,81.47147462,81
181,female,20-30,9,PH,20,30,26,35.78620994,36
182,female,20-30,9,PH,20,30,24,64.06246686,64
183,female,20-30,9,PH,20,30,30,52.443463,52
184,female,20-30,9,PH,20,30,28,55.48424507,55
185,female,20-30,9,PH,20,30,29,75.57904818,76
186,female,20-30,9,PH,20,30,25,40.93795591,41
187,female,20-30,9,PH,20,30,28,51.15117486,51
188,female,20-30,9,PH,20,30,22,83.55548037,84
189,female,20-30,9,PH,20,30,26,65.73369881,66
190,female,20-30,9,PH,20,30,28,33.84737535,34
191,female,20-30,9,PH,20,30,27,33.04805488,33
192,female,20-30,9,PH,20,30,28,36.78081503,37
193,female,20-30,9,PH,20,30,26,85.83240353,86
194,female,20-30,9,PH,20,30,30,69.13935188,69
195,female,20-30,9,PH,20,30,23,75.53718393,76
196,female,20-30,9,PH,20,30,28,65.41040721,65
197,female,20-30,9,PH,20,30,20,45.15963102,45
198,female,20-30,9,PH,20,30,30,64.77715227,65
199,female,20-30,9,PH,20,30,28,80.21038028,80
200,female,20-30,9,PH,20,30,20,42.42934966,42
201,female,20-30,9,PH,20,30,24,71.06335579,71
202,female,20-30,9,PH,20,30,28,59.12908433,59
203,female,20-30,9,PH,20,30,22,24.82947565,25
204,female,20-30,9,PH,20,30,27,86.20325383,86
205,female,20-30,9,PH,20,30,28,70.24113853,70
206,female,20-30,9,PH,20,30,21,53.39657951,53
207,female,20-30,9,PH,20,30,21,75.4960778,75
208,female,20-30,9,PH,20,30,25,56.31993912,56
209,female,20-30,9,PH,20,30,25,48.03841639,48
210,female,20-30,9,PH,20,30,27,51.34992346,51
211,female,20-30,9,PH,20,30,27,42.35225821,42
212,female,20-30,9,PH,20,30,23,80.94575802,81
213,female,20-30,9,PH,20,30,28,51.52115134,52
214,female,20-30,9,PH,20,30,21,67.90031776,68
215,female,20-30,9,PH,20,30,25,42.99859878,43
216,female,20-30,9,PH,20,30,30,48.40181439,48
217,female,20-30,9,PH,20,30,21,63.58279509,64
218,female,20-30,9,PH,20,30,23,38.94945051,39
219,female,20-30,9,PH,20,30,20,63.75549681,64
220,female,20-30,9,PH,20,30,26,65.9774671,66
221,female,20-30,9,PH,20,30,20,45.56252259,46
222,female,20-30,9,PH,20,30,23,61.72319595,62
223,female,20-30,9,PH,20,30,24,72.39899359,72
224,female,20-30,9,PH,20,30,21,57.12941036,57
225,female,20-30,9,PH,20,30,29,127.0119249,100
226,female,20-30,9,PH,20,30,29,28.10841469,28
227,female,20-30,9,PH,20,30,20,47.70602097,48
228,female,20-30,9,PH,20,30,25,67.94202509,68
229,female,20-30,9,PH,20,30,27,26.12136621,26
230,female,20-30,9,PH,20,30,28,51.10236468,51
231,female,20-30,9,PH,20,30,28,72.13284217,72
232,female,20-30,9,PH,20,30,24,56.77989724,57
233,female,20-30,9,PH,20,30,30,57.62118334,58
234,female,20-30,9,PH,20,30,23,70.93719718,71
235,female,20-30,9,PH,20,30,26,37.77968567,38
236,female,20-30,9,PH,20,30,28,67.01914033,67
237,female,20-30,9,PH,20,30,29,82.40227956,82
238,female,20-30,9,PH,20,30,23,38.87797914,39
239,female,20-30,9,PH,20,30,20,65.77523709,66
240,female,20-30,9,PH,20,30,29,60.53232097,61
241,female,20-30,9,PH,20,30,28,61.86644042,62
242,female,20-30,9,PH,20,30,30,52.70466661,53
243,female,20-30,9,PH,20,30,24,50.15209571,50
244,female,20-30,9,PH,20,30,21,42.31893267,42
245,female,20-30,9,PH,20,30,27,57.09242506,57
246,female,20-30,9,PH,20,30,27,63.67102783,64
247,female,20-30,9,PH,20,30,21,80.24238598,80
248,female,20-30,9,PH,20,30,24,70.57442082,71
249,female,20-30,9,PH,20,30,21,67.81621713,68
250,female,20-30,9,PH,20,30,26,62.90379262,63
251,female,20-30,9,PH,20,30,29,78.36508663,78
252,female,20-30,9,PH,20,30,25,27.06968851,27
253,female,20-30,9,PH,20,30,21,63.94789539,64
254,female,20-30,9,PH,20,30,29,59.25942649,59
255,female,20-30,9,PH,20,30,29,65.09277224,65
256,female,20-30,9,PH,20,30,23,70.825525,71
257,female,20-30,9,PH,20,30,27,55.82881699,56
258,female,20-30,9,PH,20,30,22,60.30769429,60
259,female,20-30,9,PH,20,30,22,69.49653144,69
260,female,20-30,9,PH,20,30,30,74.80844533,75
261,female,20-30,9,PH,20,30,28,13.37783142,13
262,female,20-30,9,PH,20,30,29,63.55688043,64
263,female,20-30,9,PH,20,30,29,81.11343309,81
264,female,20-30,9,PH,20,30,24,95.32339075,95
265,male,20-30,9,PH,20,30,25,76.09028467,76
266,male,20-30,9,PH,20,30,25,33.926034,34
267,male,20-30,9,PH,20,30,26,77.41726064,77
268,male,20-30,9,PH,20,30,28,66.86292169,67
269,male,20-30,9,PH,20,30,28,73.40528823,73
270,male,20-30,9,PH,20,30,26,27.78565237,28
271,male,20-30,9,PH,20,30,20,37.60374861,38
272,male,20-30,9,PH,20,30,25,58.98781639,59
273,male,20-30,9,PH,20,30,28,93.59281236,94
274,male,20-30,9,PH,20,30,24,86.15565707,86
275,male,20-30,9,PH,20,30,25,54.8287702,55
276,male,20-30,9,PH,20,30,24,95.18859586,95
277,male,20-30,9,PH,20,30,26,69.52669307,70
278,male,20-30,9,PH,20,30,23,63.88439799,64
279,male,20-30,9,PH,20,30,25,107.5456876,100
280,male,20-30,9,PH,20,30,27,49.04799574,49
281,male,20-30,9,PH,20,30,20,82.96485625,83
282,male,20-30,9,PH,20,30,26,70.48929129,70
283,male,20-30,9,PH,20,30,22,77.07257786,77
284,male,20-30,9,PH,20,30,21,47.97131231,48
285,male,20-30,9,PH,20,30,22,70.14500081,70
286,male,20-30,9,PH,20,30,22,62.54740504,63
287,male,20-30,9,PH,20,30,21,57.94257111,58
288,male,20-30,9,PH,20,30,26,55.92631054,56
289,male,20-30,9,PH,20,30,23,78.07404573,78
290,male,20-30,9,PH,20,30,21,55.54698769,56
291,male,20-30,9,PH,20,30,25,64.13847524,64
292,male,20-30,9,PH,20,30,20,113.2676224,100
293,male,20-30,9,PH,20,30,21,76.45614968,76
294,male,20-30,9,PH,20,30,24,46.70323842,47
295,male,20-30,9,PH,20,30,26,67.88926383,68
296,male,20-30,9,PH,20,30,24,62.5923945,63
297,male,20-30,9,PH,20,30,20,66.4551714,66
298,male,20-30,9,PH,20,30,30,60.01869028,60
299,male,20-30,9,PH,20,30,30,53.67293526,54
300,male,20-30,9,PH,20,30,26,25.16089251,25
301,male,20-30,9,PH,20,30,27,107.5930902,100
302,male,20-30,9,PH,20,30,23,73.74834628,74
303,male,20-30,9,PH,20,30,22,61.28791138,61
304,male,20-30,9,PH,20,30,26,72.97709327,73
305,male,20-30,9,PH,20,30,28,36.13926049,36
306,male,20-30,9,PH,20,30,29,49.55512115,50
307,male,20-30,9,PH,20,30,26,37.06240291,37
308,male,20-30,9,PH,20,30,21,55.71925245,56
309,male,20-30,9,PH,20,30,23,76.5962543,77
310,male,20-30,9,PH,20,30,20,57.31812856,57
311,male,20-30,9,PH,20,30,29,60.91474507,61
312,male,20-30,9,PH,20,30,20,52.12920903,52
313,male,20-30,9,PH,20,30,21,64.00582137,64
314,male,20-30,9,PH,20,30,24,73.08819703,73
315,male,20-30,9,PH,20,30,22,118.8214943,100
316,male,20-30,9,PH,20,30,22,54.6454522,55
317,male,20-30,9,PH,20,30,27,45.71306581,46
318,male,20-30,9,PH,20,30,21,77.59261951,78
319,male,20-30,9,PH,20,30,26,69.98511842,70
320,male,20-30,9,PH,20,30,27,74.68110768,75
321,male,20-30,9,PH,20,30,25,77.17747913,77
322,male,20-30,9,PH,20,30,26,99.91127614,100
323,male,20-30,9,PH,20,30,28,75.37466883,75
324,male,20-30,9,PH,20,30,22,70.27911497,70
325,male,20-30,9,PH,20,30,30,53.67280027,54
326,male,20-30,9,PH,20,30,30,80.87561558,81
327,male,20-30,9,PH,20,30,20,67.78900249,68
328,male,20-30,9,PH,20,30,28,69.92928458,70
329,male,20-30,9,PH,20,30,21,61.48087623,61
330,male,20-30,9,PH,20,30,24,25.16542002,25
331,male,20-30,9,PH,20,30,20,60.16190211,60
332,male,20-30,9,PH,20,30,21,73.3362589,73
333,male,20-30,9,PH,20,30,24,87.46689851,87
334,male,20-30,9,PH,20,30,26,58.85443821,59
335,male,20-30,9,PH,20,30,21,90.96947176,91
336,male,20-30,9,PH,20,30,22,31.69923951,32
337,male,20-30,9,PH,20,30,22,41.5265208,42
338,male,20-30,9,PH,20,30,22,48.08011435,48
339,male,20-30,9,PH,20,30,30,83.70238564,84
340,female,31-40,9,PH,31,40,33,64.83022829,65
341,female,31-40,9,PH,31,40,36,51.07618806,51
342,female,31-40,9,PH,31,40,39,62.41195113,62
343,female,31-40,9,PH,31,40,31,69.04935731,69
344,female,31-40,9,PH,31,40,32,26.44057945,26
345,female,31-40,9,PH,31,40,32,52.98769011,53
346,female,31-40,9,PH,31,40,37,75.724759,76
347,female,31-40,9,PH,31,40,39,41.95435644,42
348,female,31-40,9,PH,31,40,35,72.84592851,73
349,female,31-40,9,PH,31,40,33,31.04264766,31
350,female,31-40,9,PH,31,40,38,72.22641815,72
351,female,31-40,9,PH,31,40,38,55.3106665,55
352,female,31-40,9,PH,31,40,36,35.47951858,35
353,female,31-40,9,PH,31,40,38,76.14287295,76
354,female,31-40,9,PH,31,40,34,80.227851,80
355,female,31-40,9,PH,31,40,36,43.74796613,44
356,female,31-40,9,PH,31,40,38,69.09059557,69
357,female,31-40,9,PH,31,40,33,62.39614691,62
358,female,31-40,9,PH,31,40,40,45.29875971,45
359,female,31-40,9,PH,31,40,34,59.88812288,60
360,female,31-40,9,PH,31,40,40,63.44341964,63
361,female,31-40,9,PH,31,40,37,47.99248908,48
362,female,31-40,9,PH,31,40,31,37.04534927,37
363,female,31-40,9,PH,31,40,31,49.34322045,49
364,female,31-40,9,PH,31,40,38,65.11192243,65
365,female,31-40,9,PH,31,40,35,70.6575432,71
366,female,31-40,9,PH,31,40,31,39.92833068,40
367,female,31-40,9,PH,31,40,33,63.50433212,64
368,female,31-40,9,PH,31,40,38,80.38514912,80
369,female,31-40,9,PH,31,40,39,86.19552102,86
370,female,31-40,9,PH,31,40,31,55.14901687,55
371,female,31-40,9,PH,31,40,36,65.18569961,65
372,female,31-40,9,PH,31,40,35,71.58679848,72
373,female,31-40,9,PH,31,40,35,86.79472482,87
374,female,31-40,9,PH,31,40,31,50.25360252,50
375,female,31-40,9,PH,31,40,31,51.74089354,52
376,female,31-40,9,PH,31,40,31,68.84500849,69
377,female,31-40,9,PH,31,40,39,60.34538743,60
378,female,31-40,9,PH,31,40,37,74.79177389,75
379,female,31-40,9,PH,31,40,40,69.63023017,70
380,female,31-40,9,PH,31,40,34,22.85759051,23
381,female,31-40,9,PH,31,40,38,82.07145178,82
382,female,31-40,9,PH,31,40,38,38.82130405,39
383,female,31-40,9,PH,31,40,33,87.38290568,87
384,female,31-40,9,PH,31,40,31,78.87072462,79
385,female,31-40,9,PH,31,40,38,72.0946045,72
386,female,31-40,9,PH,31,40,31,58.36493248,58
387,female,31-40,9,PH,31,40,34,70.98198521,71
388,female,31-40,9,PH,31,40,34,60.25052274,60
389,female,31-40,9,PH,31,40,31,52.59763164,53
390,female,31-40,9,PH,31,40,35,55.10753482,55
391,female,31-40,9,PH,31,40,40,67.43221436,67
392,female,31-40,9,PH,31,40,40,90.84445611,91
393,female,31-40,9,PH,31,40,38,37.63070073,38
394,female,31-40,9,PH,31,40,32,48.77176255,49
395,female,31-40,9,PH,31,40,39,69.74851655,70
396,female,31-40,9,PH,31,40,40,55.05473802,55
397,female,31-40,9,PH,31,40,38,78.04361833,78
398,female,31-40,9,PH,31,40,32,110.9287808,100
399,female,31-40,9,PH,31,40,40,58.97307908,59
400,female,31-40,9,PH,31,40,38,43.89129659,44
401,female,31-40,9,PH,31,40,34,34.76728909,35
402,female,31-40,9,PH,31,40,35,44.03201776,44
403,female,31-40,9,PH,31,40,36,66.85526042,67
404,female,31-40,9,PH,31,40,31,56.1784239,56
405,female,31-40,9,PH,31,40,34,91.29079072,91
406,female,31-40,9,PH,31,40,39,17.08957335,17
407,female,31-40,9,PH,31,40,37,88.19445705,88
408,female,31-40,9,PH,31,40,37,45.15668474,45
409,female,31-40,9,PH,31,40,39,90.80391575,91
410,female,31-40,9,PH,31,40,37,106.4374954,100
411,female,31-40,9,PH,31,40,32,79.38954621,79
412,female,31-40,9,PH,31,40,32,45.50590983,46
413,female,31-40,9,PH,31,40,36,37.49450481,37
414,female,31-40,9,PH,31,40,35,54.13837837,54
415,female,31-40,9,PH,31,40,33,86.76705045,87
416,female,31-40,9,PH,31,40,39,86.0897529,86
417,female,31-40,9,PH,31,40,39,34.93665126,35
418,female,31-40,9,PH,31,40,31,30.39076194,30
419,female,31-40,9,PH,31,40,36,86.09825152,86
420,female,31-40,9,PH,31,40,34,98.80503602,99
421,female,31-40,9,PH,31,40,35,80.5670615,81
422,female,31-40,9,PH,31,40,37,24.20762562,24
423,female,31-40,9,PH,31,40,32,88.48625627,88
424,female,31-40,9,PH,31,40,40,66.54512256,67
425,female,31-40,9,PH,31,40,34,60.41963058,60
426,female,31-40,9,PH,31,40,31,40.34984621,40
427,female,31-40,9,PH,31,40,32,45.94483947,46
428,female,31-40,9,PH,31,40,31,83.92449109,84
429,female,31-40,9,PH,31,40,33,31.19553964,31
430,female,31-40,9,PH,31,40,33,69.14118916,69
431,female,31-40,9,PH,31,40,38,44.914389,45
432,female,31-40,9,PH,31,40,32,62.60352525,63
433,female,31-40,9,PH,31,40,31,76.90408446,77
434,female,31-40,9,PH,31,40,33,87.22715509,87
435,female,31-40,9,PH,31,40,33,65.85125696,66
436,female,31-40,9,PH,31,40,38,66.69361708,67
437,female,31-40,9,PH,31,40,35,51.1882228,51
438,female,31-40,9,PH,31,40,38,60.4978875,60
439,female,31-40,9,PH,31,40,34,28.33382181,28
440,female,31-40,9,PH,31,40,40,39.90940486,40
441,female,31-40,9,PH,31,40,34,42.18921018,42
442,female,31-40,9,PH,31,40,38,58.70972709,59
443,female,31-40,9,PH,31,40,33,51.30911467,51
444,female,31-40,9,PH,31,40,35,83.31412433,83
445,female,31-40,9,PH,31,40,37,63.14564297,63
446,female,31-40,9,PH,31,40,31,63.95403949,64
447,female,31-40,9,PH,31,40,32,41.52904373,42
448,female,31-40,9,PH,31,40,32,74.27503708,74
449,female,31-40,9,PH,31,40,40,96.47311389,96
450,female,31-40,9,PH,31,40,39,45.10464089,45
451,female,31-40,9,PH,31,40,35,85.39247801,85
452,female,31-40,9,PH,31,40,40,44.46666463,44
453,female,31-40,9,PH,31,40,35,36.99351962,37
454,female,31-40,9,PH,31,40,39,82.21062323,82
455,female,31-40,9,PH,31,40,36,69.67460125,70
456,female,31-40,9,PH,31,40,35,66.33945149,66
457,female,31-40,9,PH,31,40,38,49.88615191,50
458,female,31-40,9,PH,31,40,39,53.24626815,53
459,female,31-40,9,PH,31,40,37,38.01360889,38
460,female,31-40,9,PH,31,40,34,79.35909769,79
461,female,31-40,9,PH,31,40,31,55.47019739,55
462,female,31-40,9,PH,31,40,33,76.38111724,76
463,female,31-40,9,PH,31,40,40,61.37344637,61
464,female,31-40,9,PH,31,40,31,62.13175111,62
465,female,31-40,9,PH,31,40,35,60.18135157,60
466,female,31-40,9,PH,31,40,39,69.57511942,70
467,female,31-40,9,PH,31,40,37,48.30879942,48
468,female,31-40,9,PH,31,40,34,33.0785436,33
469,female,31-40,9,PH,31,40,40,99.9144761,100
470,female,31-40,9,PH,31,40,35,77.2158278,77
471,female,31-40,9,PH,31,40,33,81.58194495,82
472,female,31-40,9,PH,31,40,40,58.06807599,58
473,female,31-40,9,PH,31,40,37,72.585121,73
474,female,31-40,9,PH,31,40,33,64.54455365,65
475,female,31-40,9,PH,31,40,36,74.08153817,74
476,female,31-40,9,PH,31,40,33,61.23343252,61
477,female,31-40,9,PH,31,40,37,44.73809174,45
478,female,31-40,9,PH,31,40,38,119.0242995,100
479,female,31-40,9,PH,31,40,34,57.93565055,58
480,female,31-40,9,PH,31,40,37,39.00378721,39
481,female,31-40,9,PH,31,40,39,59.08336833,59
482,female,31-40,9,PH,31,40,36,91.17103978,91
483,female,31-40,9,PH,31,40,40,83.45247944,83
484,female,31-40,9,PH,31,40,37,65.47525658,65
485,female,31-40,9,PH,31,40,39,64.74981796,65
486,female,31-40,9,PH,31,40,39,23.71613327,24
487,female,31-40,9,PH,31,40,38,46.63763858,47
488,female,31-40,9,PH,31,40,31,40.63119715,41
489,female,31-40,9,PH,31,40,40,79.42716735,79
490,female,31-40,9,PH,31,40,38,53.2957489,53
491,female,31-40,9,PH,31,40,33,42.54740039,43
492,female,31-40,9,PH,31,40,36,69.27455836,69
493,female,31-40,9,PH,31,40,38,92.17046795,92
494,female,31-40,9,PH,31,40,31,56.43179548,56
495,female,31-40,9,PH,31,40,36,66.71506902,67
496,female,31-40,9,PH,31,40,40,66.43371633,66
497,female,31-40,9,PH,31,40,36,69.21833903,69
498,female,31-40,9,PH,31,40,40,47.91446515,48
499,female,31-40,9,PH,31,40,36,81.3877812,81
500,female,31-40,9,PH,31,40,32,61.53440076,62
501,female,31-40,9,PH,31,40,36,79.67293336,80
502,female,31-40,9,PH,31,40,34,100.0616632,100
503,female,31-40,9,PH,31,40,34,36.1116355,36
504,female,31-40,9,PH,31,40,38,62.26314089,62
505,male,31-40,9,PH,31,40,40,45.25094263,45
506,male,31-40,9,PH,31,40,36,89.8317182,90
507,male,31-40,9,PH,31,40,31,50.43214175,50
508,male,31-40,9,PH,31,40,39,87.92750724,88
509,male,31-40,9,PH,31,40,40,62.62729653,63
510,male,31-40,9,PH,31,40,35,61.58491203,62
511,male,31-40,9,PH,31,40,38,63.5399081,64
512,male,31-40,9,PH,31,40,36,63.70633867,64
513,male,31-40,9,PH,31,40,33,61.19893629,61
514,male,31-40,9,PH,31,40,37,87.80060062,88
515,male,31-40,9,PH,31,40,32,52.56318533,53
516,male,31-40,9,PH,31,40,39,58.01912399,58
517,male,31-40,9,PH,31,40,38,74.99372859,75
518,male,31-40,9,PH,31,40,40,71.26893973,71
519,male,31-40,9,PH,31,40,39,68.63538056,69
520,male,31-40,9,PH,31,40,33,70.22949767,70
521,male,31-40,9,PH,31,40,37,83.20362599,83
522,male,31-40,9,PH,31,40,33,74.16796693,74
523,male,31-40,9,PH,31,40,35,81.48894997,81
524,male,31-40,9,PH,31,40,37,57.89946539,58
525,male,31-40,9,PH,31,40,35,88.26316423,88
526,male,31-40,9,PH,31,40,34,65.27554065,65
527,male,31-40,9,PH,31,40,36,85.71623011,86
528,male,31-40,9,PH,31,40,34,84.88553116,85
529,male,31-40,9,PH,31,40,39,57.34359282,57
530,male,31-40,9,PH,31,40,38,61.00204649,61
531,male,31-40,9,PH,31,40,31,90.64534168,91
532,male,31-40,9,PH,31,40,39,69.72286808,70
533,male,31-40,9,PH,31,40,39,54.30822404,54
534,male,31-40,9,PH,31,40,36,83.98006561,84
535,male,31-40,9,PH,31,40,31,91.47219528,91
536,male,31-40,9,PH,31,40,37,92.6973126,93
537,male,31-40,9,PH,31,40,34,92.41152689,92
538,male,31-40,9,PH,31,40,34,64.43629713,64
539,male,31-40,9,PH,31,40,31,73.23671022,73
540,male,31-40,9,PH,31,40,31,76.05690227,76
541,male,31-40,9,PH,31,40,40,89.61089496,90
542,male,31-40,9,PH,31,40,33,82.96998949,83
543,male,31-40,9,PH,31,40,35,54.12578395,54
544,male,31-40,9,PH,31,40,35,91.9412613,92
545,male,31-40,9,PH,31,40,32,64.39494808,64
546,male,31-40,9,PH,31,40,36,78.99190167,79
547,male,31-40,9,PH,31,40,36,94.15068483,94
548,male,31-40,9,PH,31,40,39,102.4369561,100
549,male,31-40,9,PH,31,40,35,66.78134087,67
550,male,31-40,9,PH,31,40,39,83.73406232,84
551,male,31-40,9,PH,31,40,31,91.08274728,91
552,male,31-40,9,PH,31,40,40,72.43307586,72
553,male,31-40,9,PH,31,40,36,68.56874047,69
554,male,31-40,9,PH,31,40,38,68.77034004,69
555,male,31-40,9,PH,31,40,33,66.76009334,67
556,male,31-40,9,PH,31,40,40,65.94323844,66
557,male,31-40,9,PH,31,40,38,69.76267468,70
558,male,31-40,9,PH,31,40,36,65.69737889,66
559,male,31-40,9,PH,31,40,37,66.86302194,67
560,male,31-40,9,PH,31,40,33,52.82213568,53
561,male,31-40,9,PH,31,40,40,98.87452551,99
562,male,31-40,9,PH,31,40,33,63.91384961,64
563,male,31-40,9,PH,31,40,40,63.79823804,64
564,male,31-40,9,PH,31,40,35,62.74069602,63
565,male,31-40,9,PH,31,40,32,74.14207008,74
566,male,31-40,9,PH,31,40,38,68.75931135,69
567,male,31-40,9,PH,31,40,38,69.13418163,69
568,male,31-40,9,PH,31,40,34,67.00968082,67
569,male,31-40,9,PH,31,40,39,86.99812505,87
570,male,31-40,9,PH,31,40,40,84.02173621,84
571,male,31-40,9,PH,31,40,39,42.82328781,43
572,male,31-40,9,PH,31,40,36,76.84351292,77
573,male,31-40,9,PH,31,40,37,76.25539691,76
574,male,31-40,9,PH,31,40,37,76.80475813,77
575,male,31-40,9,PH,31,40,39,64.1895369,64
576,male,31-40,9,PH,31,40,35,72.40820386,72
577,male,31-40,9,PH,31,40,35,91.05380045,91
578,male,31-40,9,PH,31,40,31,78.34352479,78
579,male,31-40,9,PH,31,40,37,76.6441804,77
580,male,31-40,9,PH,31,40,40,90.93344308,91
581,male,31-40,9,PH,31,40,37,60.21660134,60
582,male,31-40,9,PH,31,40,32,69.482183,69
583,male,31-40,9,PH,31,40,36,70.07777313,70
584,male,31-40,9,PH,31,40,38,63.32159481,63
585,male,31-40,9,PH,31,40,35,76.32283552,76
586,male,31-40,9,PH,31,40,39,82.19294541,82
587,male,31-40,9,PH,31,40,36,82.83425217,83
588,male,31-40,9,PH,31,40,40,73.10295346,73
589,male,31-40,9,PH,31,40,35,74.83680898,75
590,male,31-40,9,PH,31,40,36,58.20183229,58
591,male,31-40,9,PH,31,40,40,59.03528489,59
592,male,31-40,9,PH,31,40,36,88.40428287,88
593,male,31-40,9,PH,31,40,31,52.92809058,53
594,male,31-40,9,PH,31,40,31,75.02595818,75
595,male,31-40,9,PH,31,40,36,50.37401521,50
596,male,31-40,9,PH,31,40,32,69.97728804,70
597,male,31-40,9,PH,31,40,36,85.3970976,85
598,male,31-40,9,PH,31,40,35,88.55249731,89
599,male,31-40,9,PH,31,40,32,83.5693566,84
600,male,31-40,9,PH,31,40,33,75.64946839,76
601,male,31-40,9,PH,31,40,38,75.09676229,75
602,male,31-40,9,PH,31,40,40,70.00968623,70
603,male,31-40,9,PH,31,40,34,105.0503212,100
604,male,31-40,9,PH,31,40,33,75.93882023,76
605,male,31-40,9,PH,31,40,37,73.01051137,73
606,male,31-40,9,PH,31,40,40,55.95543184,56
607,male,31-40,9,PH,31,40,34,85.3575033,85
608,male,31-40,9,PH,31,40,38,69.52779147,70
609,male,31-40,9,PH,31,40,37,69.33527918,69
610,male,31-40,9,PH,31,40,31,66.46466598,66
611,male,31-40,9,PH,31,40,31,68.21772235,68
612,male,31-40,9,PH,31,40,38,85.43789353,85
613,male,31-40,9,PH,31,40,37,50.7546233,51
614,male,31-40,9,PH,31,40,38,72.48844278,72
615,male,31-40,9,PH,31,40,36,85.08237494,85
616,male,31-40,9,PH,31,40,40,63.97807246,64
617,male,31-40,9,PH,31,40,37,85.24046148,85
618,male,31-40,9,PH,31,40,38,43.19761046,43
619,male,31-40,9,PH,31,40,40,66.12117981,66
620,male,31-40,9,PH,31,40,39,84.34879176,84
621,male,31-40,9,PH,31,40,37,74.81752121,75
622,male,31-40,9,PH,31,40,40,58.95562398,59
623,male,31-40,9,PH,31,40,37,81.46349139,81
624,male,31-40,9,PH,31,40,33,87.68334193,88
625,male,31-40,9,PH,31,40,37,81.46115324,81
626,male,31-40,9,PH,31,40,40,59.2518359,59
627,male,31-40,9,PH,31,40,35,91.27425206,91
628,male,31-40,9,PH,31,40,36,74.94790406,75
629,male,31-40,9,PH,31,40,37,64.31983732,64
630,male,31-40,9,PH,31,40,40,49.1624767,49
631,male,31-40,9,PH,31,40,40,92.44060017,92
632,male,31-40,9,PH,31,40,31,65.9038576,66
633,male,31-40,9,PH,31,40,40,68.75041699,69
634,male,31-40,9,PH,31,40,31,84.44461515,84
635,male,31-40,9,PH,31,40,40,51.16748946,51
636,male,31-40,9,PH,31,40,39,46.45825894,46
637,male,31-40,9,PH,31,40,40,63.40460762,63
638,male,31-40,9,PH,31,40,37,98.38177646,98
639,male,31-40,9,PH,31,40,39,71.69259005,72
640,male,31-40,9,PH,31,40,36,57.82694744,58
641,male,31-40,9,PH,31,40,38,56.60167406,57
642,male,31-40,9,PH,31,40,33,79.12784487,79
643,male,31-40,9,PH,31,40,40,75.05938231,75
644,male,31-40,9,PH,31,40,36,97.03758807,97
645,male,31-40,9,PH,31,40,34,58.94514595,59
646,female,41-50,9,PH,41,50,48,28.43441786,28
647,female,41-50,9,PH,41,50,49,59.59284382,60
648,female,41-50,9,PH,41,50,45,68.76281078,69
649,female,41-50,9,PH,41,50,50,45.39271981,45
650,female,41-50,9,PH,41,50,44,55.46296816,55
651,female,41-50,9,PH,41,50,48,60.26468704,60
652,female,41-50,9,PH,41,50,42,65.06912039,65
653,female,41-50,9,PH,41,50,50,35.71725927,36
654,female,41-50,9,PH,41,50,50,72.75095653,73
655,female,41-50,9,PH,41,50,41,38.01478066,38
656,female,41-50,9,PH,41,50,45,57.85234903,58
657,female,41-50,9,PH,41,50,43,40.66635974,41
658,female,41-50,9,PH,41,50,48,41.25097961,41
659,female,41-50,9,PH,41,50,45,75.22789235,75
660,female,41-50,9,PH,41,50,46,40.13376199,40
661,female,41-50,9,PH,41,50,43,81.93853818,82
662,female,41-50,9,PH,41,50,50,63.8864723,64
663,female,41-50,9,PH,41,50,48,26.59604287,27
664,female,41-50,9,PH,41,50,46,54.81580568,55
665,female,41-50,9,PH,41,50,45,59.15500043,59
666,female,41-50,9,PH,41,50,41,37.75654482,38
667,female,41-50,9,PH,41,50,45,53.07075732,53
668,female,41-50,9,PH,41,50,47,61.23916517,61
669,female,41-50,9,PH,41,50,48,55.70655001,56
670,female,41-50,9,PH,41,50,42,28.42559524,28
671,female,41-50,9,PH,41,50,44,61.73777693,62
672,female,41-50,9,PH,41,50,49,65.52330118,66
673,female,41-50,9,PH,41,50,49,72.55365877,73
674,female,41-50,9,PH,41,50,48,58.85774821,59
675,female,41-50,9,PH,41,50,50,60.25825362,60
676,female,41-50,9,PH,41,50,50,76.22121709,76
677,female,41-50,9,PH,41,50,42,61.92498707,62
678,female,41-50,9,PH,41,50,46,75.87899066,76
679,female,41-50,9,PH,41,50,41,92.13665062,92
680,female,41-50,9,PH,41,50,47,83.95358498,84
681,female,41-50,9,PH,41,50,48,53.88804571,54
682,female,41-50,9,PH,41,50,45,61.63369336,62
683,female,41-50,9,PH,41,50,48,68.85105805,69
684,female,41-50,9,PH,41,50,46,72.46043327,72
685,female,41-50,9,PH,41,50,43,56.01545184,56
686,female,41-50,9,PH,41,50,50,98.11114549,98
687,female,41-50,9,PH,41,50,45,58.69450793,59
688,female,41-50,9,PH,41,50,44,83.42878824,83
689,female,41-50,9,PH,41,50,44,98.31784534,98
690,female,41-50,9,PH,41,50,41,43.06102977,43
691,female,41-50,9,PH,41,50,50,71.26127348,71
692,female,41-50,9,PH,41,50,46,74.39333366,74
693,female,41-50,9,PH,41,50,42,69.26426309,69
694,female,41-50,9,PH,41,50,50,59.48738388,59
695,female,41-50,9,PH,41,50,42,48.37963463,48
696,female,41-50,9,PH,41,50,48,76.54484481,77
697,female,41-50,9,PH,41,50,47,41.73063952,42
698,female,41-50,9,PH,41,50,46,104.2401147,100
699,female,41-50,9,PH,41,50,41,71.21893697,71
700,female,41-50,9,PH,41,50,50,61.98814977,62
701,female,41-50,9,PH,41,50,47,73.63949916,74
702,female,41-50,9,PH,41,50,43,61.87328363,62
703,female,41-50,9,PH,41,50,50,69.64147183,70
704,female,41-50,9,PH,41,50,49,57.29224338,57
705,female,41-50,9,PH,41,50,47,64.34051545,64
706,female,41-50,9,PH,41,50,45,55.38276414,55
707,female,41-50,9,PH,41,50,48,90.03843529,90
708,female,41-50,9,PH,41,50,49,32.26048687,32
709,female,41-50,9,PH,41,50,47,89.58997922,90
710,female,41-50,9,PH,41,50,41,58.59858816,59
711,female,41-50,9,PH,41,50,49,56.82159871,57
712,female,41-50,9,PH,41,50,47,71.30092716,71
713,female,41-50,9,PH,41,50,41,79.99325762,80
714,female,41-50,9,PH,41,50,44,50.86930813,51
715,female,41-50,9,PH,41,50,47,64.82030472,65
716,female,41-50,9,PH,41,50,42,46.71231471,47
717,female,41-50,9,PH,41,50,50,78.93947435,79
718,female,41-50,9,PH,41,50,42,23.92520899,24
719,female,41-50,9,PH,41,50,48,78.10746114,78
720,female,41-50,9,PH,41,50,47,48.65274246,49
721,female,41-50,9,PH,41,50,47,106.8438584,100
722,female,41-50,9,PH,41,50,43,59.64253962,60
723,female,41-50,9,PH,41,50,41,82.36486381,82
724,female,41-50,9,PH,41,50,47,60.9321702,61
725,female,41-50,9,PH,41,50,43,51.3710034,51
726,female,41-50,9,PH,41,50,42,58.66695585,59
727,female,41-50,9,PH,41,50,47,41.5450657,42
728,female,41-50,9,PH,41,50,46,61.76920984,62
729,male,41-50,9,PH,41,50,41,33.53498335,34
730,male,41-50,9,PH,41,50,45,46.84729726,47
731,male,41-50,9,PH,41,50,45,53.61502015,54
732,male,41-50,9,PH,41,50,49,50.21851017,50
733,male,41-50,9,PH,41,50,50,68.39506811,68
734,male,41-50,9,PH,41,50,49,67.68130804,68
735,male,41-50,9,PH,41,50,50,42.31856279,42
736,male,41-50,9,PH,41,50,42,74.27632178,74
737,male,41-50,9,PH,41,50,44,72.64677607,73
738,male,41-50,9,PH,41,50,48,52.96135509,53
739,male,41-50,9,PH,41,50,45,30.05397773,30
740,male,41-50,9,PH,41,50,41,96.85155208,97
741,male,41-50,9,PH,41,50,45,35.96542745,36
742,male,41-50,9,PH,41,50,44,36.07877757,36
743,male,41-50,9,PH,41,50,45,71.87392083,72
744,male,41-50,9,PH,41,50,43,54.34124019,54
745,male,41-50,9,PH,41,50,43,79.67545076,80
746,male,41-50,9,PH,41,50,41,62.22559915,62
747,male,41-50,9,PH,41,50,45,52.47137961,52
748,male,41-50,9,PH,41,50,48,46.29812516,46
749,male,41-50,9,PH,41,50,48,58.16736327,58
750,male,41-50,9,PH,41,50,50,61.36275403,61
751,male,41-50,9,PH,41,50,48,62.34129286,62
752,male,41-50,9,PH,41,50,44,78.84391862,79
753,male,41-50,9,PH,41,50,41,62.30236351,62
754,male,41-50,9,PH,41,50,49,71.01280545,71
755,male,41-50,9,PH,41,50,42,55.79483949,56
756,male,41-50,9,PH,41,50,49,78.26809291,78
757,male,41-50,9,PH,41,50,50,62.42013219,62
758,male,41-50,9,PH,41,50,44,91.04941734,91
759,male,41-50,9,PH,41,50,44,53.32399819,53
760,male,41-50,9,PH,41,50,46,57.00477742,57
761,male,41-50,9,PH,41,50,47,92.67822889,93
762,male,41-50,9,PH,41,50,50,59.34434106,59
763,male,41-50,9,PH,41,50,44,61.84947489,62
764,male,41-50,9,PH,41,50,45,62.0105425,62
765,male,41-50,9,PH,41,50,41,93.4322267,93
766,male,41-50,9,PH,41,50,42,83.21349421,83
767,male,41-50,9,PH,41,50,45,62.16014172,62
768,male,41-50,9,PH,41,50,42,68.19530377,68
769,male,41-50,9,PH,41,50,43,77.28616929,77
770,male,41-50,9,PH,41,50,46,38.14753862,38
771,male,41-50,9,PH,41,50,47,66.60214292,67
772,male,41-50,9,PH,41,50,48,57.01676008,57
773,male,41-50,9,PH,41,50,49,61.40610331,61
774,male,41-50,9,PH,41,50,41,70.71227919,71
775,male,41-50,9,PH,41,50,50,53.91149882,54
776,male,41-50,9,PH,41,50,49,47.17466395,47
777,male,41-50,9,PH,41,50,47,88.52055834,89
778,male,41-50,9,PH,41,50,49,83.21097279,83
779,male,41-50,9,PH,41,50,45,89.85009175,90
780,male,41-50,9,PH,41,50,45,70.33182095,70
781,male,41-50,9,PH,41,50,44,86.34196324,86
782,male,41-50,9,PH,41,50,45,59.74744223,60
783,male,41-50,9,PH,41,50,42,58.22662891,58
784,male,41-50,9,PH,41,50,43,55.70258927,56
785,male,41-50,9,PH,41,50,41,37.42721212,37
786,male,41-50,9,PH,41,50,47,81.60582867,82
787,male,41-50,9,PH,41,50,41,54.96426804,55
788,male,41-50,9,PH,41,50,41,64.18069106,64
789,male,41-50,9,PH,41,50,46,49.66557895,50
790,male,41-50,9,PH,41,50,42,44.65684442,45
791,male,41-50,9,PH,41,50,41,54.46132676,54
792,male,41-50,9,PH,41,50,46,60.10042288,60
793,male,41-50,9,PH,41,50,44,55.47845745,55
794,male,41-50,9,PH,41,50,50,62.799226,63
795,male,41-50,9,PH,41,50,45,61.28616306,61
796,male,41-50,9,PH,41,50,42,80.54561421,81
797,male,41-50,9,PH,41,50,50,67.10568023,67
798,male,41-50,9,PH,41,50,47,86.06493246,86
799,male,41-50,9,PH,41,50,49,73.41047,73
800,male,41-50,9,PH,41,50,50,52.86672322,53
801,male,41-50,9,PH,41,50,41,87.98720507,88
802,male,41-50,9,PH,41,50,42,57.33602176,57
803,male,41-50,9,PH,41,50,41,56.89588564,57
804,male,41-50,9,PH,41,50,43,53.5014114,54
805,male,41-50,9,PH,41,50,48,51.69010954,52
806,male,41-50,9,PH,41,50,44,64.19615963,64
807,male,41-50,9,PH,41,50,49,52.03381017,52
808,male,41-50,9,PH,41,50,45,77.32000457,77
809,male,41-50,9,PH,41,50,49,62.31733112,62
810,male,41-50,9,PH,41,50,44,58.3061738,58
811,male,41-50,9,PH,41,50,48,70.24023388,70
812,male,41-50,9,PH,41,50,50,73.87030053,74
813,male,41-50,9,PH,41,50,46,72.62746547,73
814,male,41-50,9,PH,41,50,46,53.05096538,53
815,male,41-50,9,PH,41,50,46,52.69164369,53
816,male,41-50,9,PH,41,50,42,57.68270692,58
817,male,41-50,9,PH,41,50,43,56.85600116,57
818,male,41-50,9,PH,41,50,50,61.26418669,61
819,male,41-50,9,PH,41,50,49,61.20958583,61
820,male,41-50,9,PH,41,50,44,58.35476315,58
821,male,41-50,9,PH,41,50,43,67.44425928,67
822,male,41-50,9,PH,41,50,48,85.75974402,86
823,male,41-50,9,PH,41,50,44,50.97071813,51
824,male,41-50,9,PH,41,50,49,56.24497174,56
825,male,41-50,9,PH,41,50,41,76.01757733,76
826,male,41-50,9,PH,41,50,42,66.10504337,66
827,male,41-50,9,PH,41,50,48,60.75142049,61
828,female,51-60,9,PH,51,60,57,55.389041,55
829,female,51-60,9,PH,51,60,57,49.90809352,50
830,female,51-60,9,PH,51,60,59,76.35023232,76
831,female,51-60,9,PH,51,60,51,92.41231225,92
832,female,51-60,9,PH,51,60,56,38.1255939,38
833,female,51-60,9,PH,51,60,53,70.77728202,71
834,female,51-60,9,PH,51,60,55,138.3364339,100
835,female,51-60,9,PH,51,60,60,91.47132454,91
836,female,51-60,9,PH,51,60,51,92.5925589,93
837,female,51-60,9,PH,51,60,55,84.26631906,84
838,female,51-60,9,PH,51,60,53,102.2522811,100
839,female,51-60,9,PH,51,60,57,93.99862844,94
840,female,51-60,9,PH,51,60,53,62.42939231,62
841,female,51-60,9,PH,51,60,52,66.24356938,66
842,female,51-60,9,PH,51,60,57,78.41688134,78
843,female,51-60,9,PH,51,60,60,114.4834245,100
844,female,51-60,9,PH,51,60,52,100.6940733,100
845,female,51-60,9,PH,51,60,55,43.84765324,44
846,female,51-60,9,PH,51,60,54,64.59095818,65
847,female,51-60,9,PH,51,60,54,29.22764645,29
848,female,51-60,9,PH,51,60,58,114.3326275,100
849,female,51-60,9,PH,51,60,59,75.82836619,76
850,female,51-60,9,PH,51,60,60,72.8592143,73
851,female,51-60,9,PH,51,60,55,86.37543127,86
852,female,51-60,9,PH,51,60,54,86.01857699,86
853,female,51-60,9,PH,51,60,57,105.6062734,100
854,female,51-60,9,PH,51,60,60,87.25369916,87
855,female,51-60,9,PH,51,60,58,75.7770544,76
856,female,51-60,9,PH,51,60,56,103.8660669,100
857,female,51-60,9,PH,51,60,54,77.37160924,77
858,female,51-60,9,PH,51,60,57,78.32929909,78
859,female,51-60,9,PH,51,60,57,50.15157884,50
860,female,51-60,9,PH,51,60,60,67.50618358,68
861,female,51-60,9,PH,51,60,58,69.01042944,69
862,female,51-60,9,PH,51,60,58,75.38336576,75
863,female,51-60,9,PH,51,60,52,97.80262506,98
864,female,51-60,9,PH,51,60,58,38.07463894,38
865,female,51-60,9,PH,51,60,52,80.92547075,81
866,female,51-60,9,PH,51,60,54,79.05454804,79
867,female,51-60,9,PH,51,60,53,119.6246676,100
868,female,51-60,9,PH,51,60,54,66.39738265,66
869,female,51-60,9,PH,51,60,59,94.67386404,95
870,female,51-60,9,PH,51,60,51,78.28960714,78
871,female,51-60,9,PH,51,60,53,66.77666977,67
872,female,51-60,9,PH,51,60,51,95.24398007,95
873,female,51-60,9,PH,51,60,51,66.75512441,67
874,female,51-60,9,PH,51,60,57,104.7331934,100
875,female,51-60,9,PH,51,60,59,54.34573731,54
876,female,51-60,9,PH,51,60,58,104.2686757,100
877,female,51-60,9,PH,51,60,57,85.99363977,86
878,female,51-60,9,PH,51,60,59,76.27281995,76
879,female,51-60,9,PH,51,60,52,47.78999156,48
880,female,51-60,9,PH,51,60,51,55.10615098,55
881,male,51-60,9,PH,51,60,55,80.02508668,80
882,male,51-60,9,PH,51,60,59,84.25414306,84
883,male,51-60,9,PH,51,60,53,61.56339351,62
884,male,51-60,9,PH,51,60,59,58.23222744,58
885,male,51-60,9,PH,51,60,59,50.85223846,51
886,male,51-60,9,PH,51,60,52,63.95941527,64
887,male,51-60,9,PH,51,60,51,50.97473171,51
888,male,51-60,9,PH,51,60,54,57.75857692,58
889,male,51-60,9,PH,51,60,60,82.58356582,83
890,male,51-60,9,PH,51,60,55,55.84221912,56
891,male,51-60,9,PH,51,60,55,36.88215381,37
892,male,51-60,9,PH,51,60,58,46.22364317,46
893,male,51-60,9,PH,51,60,57,57.10087157,57
894,male,51-60,9,PH,51,60,59,59.7364296,60
895,male,51-60,9,PH,51,60,60,52.27853636,52
896,male,51-60,9,PH,51,60,56,56.65791831,57
897,male,51-60,9,PH,51,60,54,39.07968239,39
898,male,51-60,9,PH,51,60,58,66.91274606,67
899,male,51-60,9,PH,51,60,58,62.47645817,62
900,male,51-60,9,PH,51,60,53,48.76800496,49
901,male,51-60,9,PH,51,60,58,64.03690495,64
902,male,51-60,9,PH,51,60,54,59.4360751,59
903,male,51-60,9,PH,51,60,60,60.58126378,61
904,male,51-60,9,PH,51,60,54,46.11796523,46
905,male,51-60,9,PH,51,60,60,84.18003364,84
906,male,51-60,9,PH,51,60,58,67.87113379,68
907,male,51-60,9,PH,51,60,52,37.90584239,38
908,male,51-60,9,PH,51,60,58,71.28944707,71
909,male,51-60,9,PH,51,60,53,66.68484511,67
910,male,51-60,9,PH,51,60,57,66.41745493,66
911,male,51-60,9,PH,51,60,53,59.95788019,60
912,male,51-60,9,PH,51,60,59,49.00957996,49
913,male,51-60,9,PH,51,60,60,75.11355048,75
914,male,51-60,9,PH,51,60,53,56.64249805,57
915,male,51-60,9,PH,51,60,53,37.64508194,38
916,male,51-60,9,PH,51,60,53,52.90674045,53
917,male,51-60,9,PH,51,60,55,76.19909846,76
918,male,51-60,9,PH,51,60,52,72.66362371,73
919,male,51-60,9,PH,51,60,54,74.77701183,75
920,male,51-60,9,PH,51,60,55,56.62570624,57
921,male,51-60,9,PH,51,60,53,49.24151617,49
922,male,51-60,9,PH,51,60,60,67.03785624,67
923,male,51-60,9,PH,51,60,60,50.95838431,51
924,male,51-60,9,PH,51,60,51,58.584048,59
925,male,51-60,9,PH,51,60,60,69.77950001,70
926,male,51-60,9,PH,51,60,59,61.92612298,62
927,male,51-60,9,PH,51,60,54,68.06400197,68
928,male,51-60,9,PH,51,60,51,74.05687622,74
929,male,51-60,9,PH,51,60,53,60.7606577,61
930,male,51-60,9,PH,51,60,60,41.08824436,41
931,male,51-60,9,PH,51,60,52,60.92633496,61
932,male,51-60,9,PH,51,60,51,69.88124061,70
933,male,51-60,9,PH,51,60,55,53.51307022,54
934,male,51-60,9,PH,51,60,51,70.72848557,71
935,male,51-60,9,PH,51,60,58,37.80470227,38
936,male,51-60,9,PH,51,60,55,87.01284093,87
937,male,51-60,9,PH,51,60,55,74.62099534,75
938,male,51-60,9,PH,51,60,51,71.80711077,72
939,male,51-60,9,PH,51,60,51,43.0608986,43
940,male,51-60,9,PH,51,60,58,56.19940663,56
941,male,51-60,9,PH,51,60,59,39.06460413,39
942,male,51-60,9,PH,51,60,57,43.41823192,43
943,male,51-60,9,PH,51,60,59,57.7628417,58
944,male,51-60,9,PH,51,60,59,47.59219713,48
945,male,51-60,9,PH,51,60,52,63.20834598,63
946,male,51-60,9,PH,51,60,55,89.04167819,89
947,male,51-60,9,PH,51,60,53,62.46160032,62
948,male,51-60,9,PH,51,60,52,55.26110683,55
949,male,51-60,9,PH,51,60,53,60.58243601,61
950,male,51-60,9,PH,51,60,53,74.48049046,74
951,male,51-60,9,PH,51,60,60,73.73752755,74
952,male,51-60,9,PH,51,60,54,38.93974563,39
953,male,51-60,9,PH,51,60,59,82.03822955,82
954,male,51-60,9,PH,51,60,51,64.49332653,64
955,male,51-60,9,PH,51,60,52,54.6154341,55
956,male,51-60,9,PH,51,60,57,60.76933959,61
957,male,51-60,9,PH,51,60,58,63.86462619,64
958,male,51-60,9,PH,51,60,52,76.99710306,77
959,male,51-60,9,PH,51,60,52,67.76868982,68
960,male,51-60,9,PH,51,60,59,98.23521417,98
961,male,51-60,9,PH,51,60,58,42.55350412,43
1,female,20-30,19,PH,20,30,22,37.0686301,37
2,female,20-30,19,PH,20,30,25,75.51408706,76
3,female,20-30,19,PH,20,30,25,76.81708472,77
4,female,20-30,19,PH,20,30,25,57.09590628,57
5,female,20-30,19,PH,20,30,29,64.3167774,64
6,female,20-30,19,PH,20,30,30,74.56565739,75
7,female,20-30,19,PH,20,30,21,34.64092892,35
8,female,20-30,19,PH,20,30,26,65.8173793,66
9,female,20-30,19,PH,20,30,27,53.12167576,53
10,female,20-30,19,PH,20,30,20,61.46005352,61
11,female,20-30,19,PH,20,30,25,70.93824287,71
12,female,20-30,19,PH,20,30,22,55.06422408,55
13,female,20-30,19,PH,20,30,20,68.21612804,68
14,female,20-30,19,PH,20,30,25,54.31737282,54
15,female,20-30,19,PH,20,30,28,64.47922301,64
16,female,20-30,19,PH,20,30,23,44.34752202,44
17,female,20-30,19,PH,20,30,27,40.54349338,41
18,female,20-30,19,PH,20,30,28,50.28729969,50
19,female,20-30,19,PH,20,30,25,64.67050201,65
20,female,20-30,19,PH,20,30,29,43.10471089,43
21,female,20-30,19,PH,20,30,22,28.43461951,28
22,female,20-30,19,PH,20,30,24,65.31030849,65
23,female,20-30,19,PH,20,30,22,50.17713456,50
24,female,20-30,19,PH,20,30,20,44.85581404,45
25,female,20-30,19,PH,20,30,27,50.48188845,50
26,female,20-30,19,PH,20,30,30,23.88909071,24
27,female,20-30,19,PH,20,30,23,34.3923303,34
28,female,20-30,19,PH,20,30,28,70.03782153,70
29,female,20-30,19,PH,20,30,23,93.42765931,93
30,female,20-30,19,PH,20,30,26,39.13378624,39
31,female,20-30,19,PH,20,30,24,64.52818291,65
32,female,20-30,19,PH,20,30,21,64.73249528,65
33,female,20-30,19,PH,20,30,23,38.27688636,38
34,female,20-30,19,PH,20,30,22,70.053249,70
35,female,20-30,19,PH,20,30,21,52.37430828,52
36,female,20-30,19,PH,20,30,27,30.71545228,31
37,female,20-30,19,PH,20,30,22,48.02648393,48
38,female,20-30,19,PH,20,30,21,78.46666405,78
39,female,20-30,19,PH,20,30,24,57.77459619,58
40,female,20-30,19,PH,20,30,24,73.19169778,73
41,female,20-30,19,PH,20,30,21,38.19607876,38
42,female,20-30,19,PH,20,30,24,61.80888221,62
43,female,20-30,19,PH,20,30,30,58.73507292,59
44,female,20-30,19,PH,20,30,27,42.3154936,42
45,female,20-30,19,PH,20,30,26,52.21814388,52
46,female,20-30,19,PH,20,30,24,67.97094461,68
47,female,20-30,19,PH,20,30,20,56.74529287,57
48,female,20-30,19,PH,20,30,22,68.4318749,68
49,female,20-30,19,PH,20,30,28,21.46602212,21
50,female,20-30,19,PH,20,30,21,18.90043611,19
51,female,20-30,19,PH,20,30,24,63.63136723,64
52,female,20-30,19,PH,20,30,22,40.22806196,40
53,female,20-30,19,PH,20,30,30,61.64129485,62
54,female,20-30,19,PH,20,30,21,70.11111909,70
55,female,20-30,19,PH,20,30,24,71.91675002,72
56,female,20-30,19,PH,20,30,28,41.05171143,41
57,female,20-30,19,PH,20,30,24,54.07855781,54
58,female,20-30,19,PH,20,30,30,53.80861203,54
59,female,20-30,19,PH,20,30,28,64.66129596,65
60,female,20-30,19,PH,20,30,23,41.25274352,41
61,female,20-30,19,PH,20,30,29,41.8170244,42
62,female,20-30,19,PH,20,30,24,36.38416088,36
63,female,20-30,19,PH,20,30,25,27.87289274,28
64,female,20-30,19,PH,20,30,23,64.56405892,65
65,female,20-30,19,PH,20,30,23,54.7336456,55
66,female,20-30,19,PH,20,30,29,70.3400821,70
67,female,20-30,19,PH,20,30,30,31.2845483,31
68,female,20-30,19,PH,20,30,24,70.23148912,70
69,female,20-30,19,PH,20,30,21,53.50763465,54
70,female,20-30,19,PH,20,30,26,38.73753263,39
71,female,20-30,19,PH,20,30,30,63.57051382,64
72,female,20-30,19,PH,20,30,21,43.45355917,43
73,female,20-30,19,PH,20,30,28,48.50130538,49
74,female,20-30,19,PH,20,30,30,67.28398802,67
75,female,20-30,19,PH,20,30,20,58.5667371,59
76,female,20-30,19,PH,20,30,21,62.46738338,62
77,female,20-30,19,PH,20,30,27,67.1601076,67
78,female,20-30,19,PH,20,30,23,53.59897966,54
79,female,20-30,19,PH,20,30,25,51.98525533,52
80,female,20-30,19,PH,20,30,28,45.79194396,46
81,female,20-30,19,PH,20,30,22,18.3712899,18
82,female,20-30,19,PH,20,30,27,72.85015929,73
83,female,20-30,19,PH,20,30,27,89.43790417,89
84,female,20-30,19,PH,20,30,24,69.11904317,69
85,female,20-30,19,PH,20,30,22,79.91554504,80
86,female,20-30,19,PH,20,30,21,55.22603136,55
87,female,20-30,19,PH,20,30,26,40.31527769,40
88,female,20-30,19,PH,20,30,30,39.67703889,40
89,female,20-30,19,PH,20,30,20,38.07240801,38
90,female,20-30,19,PH,20,30,28,52.51960188,53
91,female,20-30,19,PH,20,30,26,59.67627976,60
92,female,20-30,19,PH,20,30,30,54.4063137,54
93,female,20-30,19,PH,20,30,24,59.35678913,59
94,female,20-30,19,PH,20,30,23,37.69574799,38
95,female,20-30,19,PH,20,30,25,50.92762895,51
96,female,20-30,19,PH,20,30,23,44.09220563,44
97,female,20-30,19,PH,20,30,27,71.4636862,71
98,female,20-30,19,PH,20,30,23,56.59721772,57
99,female,20-30,19,PH,20,30,20,58.57798713,59
100,female,20-30,19,PH,20,30,29,39.6351593,40
101,female,20-30,19,PH,20,30,28,25.43003613,25
102,female,20-30,19,PH,20,30,20,61.18120368,61
103,female,20-30,19,PH,20,30,29,43.65926081,44
104,female,20-30,19,PH,20,30,27,28.51808696,29
105,female,20-30,19,PH,20,30,27,55.55902923,56
106,female,20-30,19,PH,20,30,23,44.67918814,45
107,female,20-30,19,PH,20,30,23,39.65213509,40
108,female,20-30,19,PH,20,30,21,58.47145103,58
109,female,20-30,19,PH,20,30,23,51.67360621,52
110,female,20-30,19,PH,20,30,20,34.02446812,34
111,female,20-30,19,PH,20,30,23,52.33508759,52
112,female,20-30,19,PH,20,30,20,60.62618497,61
113,female,20-30,19,PH,20,30,30,62.86693148,63
114,female,20-30,19,PH,20,30,26,35.6879772,36
115,female,20-30,19,PH,20,30,29,54.16857013,54
116,female,20-30,19,PH,20,30,28,35.68860971,36
117,female,20-30,19,PH,20,30,30,58.95801939,59
118,female,20-30,19,PH,20,30,30,90.55294791,91
119,female,20-30,19,PH,20,30,28,27.446261,27
120,female,20-30,19,PH,20,30,20,57.07723272,57
121,female,20-30,19,PH,20,30,21,58.95441121,59
122,female,20-30,19,PH,20,30,24,52.54672852,53
123,female,20-30,19,PH,20,30,25,108.0843987,100
124,female,20-30,19,PH,20,30,22,77.41451361,77
125,female,20-30,19,PH,20,30,23,71.84241304,72
126,female,20-30,19,PH,20,30,28,49.39604758,49
127,female,20-30,19,PH,20,30,26,32.08770143,32
128,female,20-30,19,PH,20,30,20,48.12402518,48
129,female,20-30,19,PH,20,30,23,46.81735933,47
130,female,20-30,19,PH,20,30,24,61.39842729,61
131,female,20-30,19,PH,20,30,23,79.51146916,80
132,female,20-30,19,PH,20,30,21,68.47007233,68
133,female,20-30,19,PH,20,30,21,37.71940416,38
134,female,20-30,19,PH,20,30,30,52.32008034,52
135,female,20-30,19,PH,20,30,23,25.94705418,26
136,female,20-30,19,PH,20,30,27,43.12036613,43
137,female,20-30,19,PH,20,30,21,74.05574839,74
138,female,20-30,19,PH,20,30,20,32.99251745,33
139,female,20-30,19,PH,20,30,24,55.95084894,56
140,female,20-30,19,PH,20,30,27,59.76873585,60
141,female,20-30,19,PH,20,30,30,41.82177607,42
142,female,20-30,19,PH,20,30,28,70.86176068,71
143,female,20-30,19,PH,20,30,26,42.24545694,42
144,female,20-30,19,PH,20,30,23,67.25663118,67
145,female,20-30,19,PH,20,30,21,33.2612457,33
146,female,20-30,19,PH,20,30,25,59.62659977,60
147,female,20-30,19,PH,20,30,22,70.92248042,71
148,female,20-30,19,PH,20,30,20,41.30356886,41
149,female,20-30,19,PH,20,30,25,75.46273255,75
150,female,20-30,19,PH,20,30,21,62.82452796,63
151,female,20-30,19,PH,20,30,24,79.89144562,80
152,female,20-30,19,PH,20,30,21,71.77579891,72
153,female,20-30,19,PH,20,30,29,48.48144311,48
154,female,20-30,19,PH,20,30,21,35.09218443,35
155,female,20-30,19,PH,20,30,30,81.68166683,82
156,female,20-30,19,PH,20,30,28,44.05736423,44
157,female,20-30,19,PH,20,30,22,65.26350678,65
158,female,20-30,19,PH,20,30,22,39.08522646,39
159,female,20-30,19,PH,20,30,24,45.42987809,45
160,female,20-30,19,PH,20,30,28,50.97359122,51
161,female,20-30,19,PH,20,30,23,61.40492367,61
162,female,20-30,19,PH,20,30,20,55.18618669,55
163,female,20-30,19,PH,20,30,23,61.65532227,62
164,female,20-30,19,PH,20,30,21,58.55512113,59
165,female,20-30,19,PH,20,30,20,42.10170643,42
166,female,20-30,19,PH,20,30,23,73.43181166,73
167,female,20-30,19,PH,20,30,23,63.79946135,64
168,female,20-30,19,PH,20,30,30,58.97396174,59
169,female,20-30,19,PH,20,30,25,36.02620358,36
170,female,20-30,19,PH,20,30,28,36.42164581,36
171,female,20-30,19,PH,20,30,30,69.67241439,70
172,female,20-30,19,PH,20,30,24,61.86415573,62
173,female,20-30,19,PH,20,30,23,70.74875174,71
174,female,20-30,19,PH,20,30,27,26.67127287,27
175,female,20-30,19,PH,20,30,30,27.97860986,28
176,female,20-30,19,PH,20,30,27,33.39721471,33
177,female,20-30,19,PH,20,30,20,62.28381052,62
178,female,20-30,19,PH,20,30,26,48.96224545,49
179,female,20-30,19,PH,20,30,24,42.83194741,43
180,female,20-30,19,PH,20,30,25,40.69120871,41
181,female,20-30,19,PH,20,30,26,42.41415921,42
182,female,20-30,19,PH,20,30,24,47.48805262,47
183,female,20-30,19,PH,20,30,30,54.46155041,54
184,female,20-30,19,PH,20,30,28,37.89831401,38
185,female,20-30,19,PH,20,30,29,46.62197717,47
186,female,20-30,19,PH,20,30,25,56.17259361,56
187,female,20-30,19,PH,20,30,28,39.73963675,40
188,female,20-30,19,PH,20,30,22,73.98852792,74
189,female,20-30,19,PH,20,30,26,53.22545772,53
190,female,20-30,19,PH,20,30,28,44.78770714,45
191,female,20-30,19,PH,20,30,27,44.15356222,44
192,female,20-30,19,PH,20,30,28,31.53842168,32
193,female,20-30,19,PH,20,30,26,32.14474266,32
194,female,20-30,19,PH,20,30,30,58.7294662,59
195,female,20-30,19,PH,20,30,23,66.21287794,66
196,female,20-30,19,PH,20,30,28,77.95576417,78
197,female,20-30,19,PH,20,30,20,63.99563311,64
198,female,20-30,19,PH,20,30,30,60.33315713,60
199,female,20-30,19,PH,20,30,28,66.83726625,67
200,female,20-30,19,PH,20,30,20,52.66569108,53
201,female,20-30,19,PH,20,30,24,40.04389977,40
202,female,20-30,19,PH,20,30,28,33.44300802,33
203,female,20-30,19,PH,20,30,22,76.20090266,76
204,female,20-30,19,PH,20,30,27,77.03109933,77
205,female,20-30,19,PH,20,30,28,89.03431278,89
206,female,20-30,19,PH,20,30,21,55.69815219,56
207,female,20-30,19,PH,20,30,21,56.01394637,56
208,female,20-30,19,PH,20,30,25,66.60574435,67
209,female,20-30,19,PH,20,30,25,45.91001748,46
210,female,20-30,19,PH,20,30,27,63.03058475,63
211,female,20-30,19,PH,20,30,27,81.2551598,81
212,female,20-30,19,PH,20,30,23,63.2555148,63
213,female,20-30,19,PH,20,30,28,36.47730473,36
214,female,20-30,19,PH,20,30,21,48.39295431,48
215,female,20-30,19,PH,20,30,25,40.01196524,40
216,female,20-30,19,PH,20,30,30,56.8543996,57
217,female,20-30,19,PH,20,30,21,46.50758088,47
218,female,20-30,19,PH,20,30,23,34.64290706,35
219,female,20-30,19,PH,20,30,20,44.94879,45
220,female,20-30,19,PH,20,30,26,31.3874819,31
221,female,20-30,19,PH,20,30,20,36.94390689,37
222,female,20-30,19,PH,20,30,23,55.13683473,55
223,female,20-30,19,PH,20,30,24,45.94664403,46
224,female,20-30,19,PH,20,30,21,38.01772388,38
225,female,20-30,19,PH,20,30,29,69.49237619,69
226,female,20-30,19,PH,20,30,29,39.64022116,40
227,female,20-30,19,PH,20,30,20,76.77035144,77
228,female,20-30,19,PH,20,30,25,60.02466872,60
229,female,20-30,19,PH,20,30,27,43.03935376,43
230,female,20-30,19,PH,20,30,28,33.55658002,34
231,female,20-30,19,PH,20,30,28,35.7325635,36
232,female,20-30,19,PH,20,30,24,60.24905694,60
233,female,20-30,19,PH,20,30,30,54.1970409,54
234,female,20-30,19,PH,20,30,23,66.55174814,67
235,female,20-30,19,PH,20,30,26,35.36768701,35
236,female,20-30,19,PH,20,30,28,61.10741457,61
237,female,20-30,19,PH,20,30,29,68.52461482,69
238,female,20-30,19,PH,20,30,23,65.07282091,65
239,female,20-30,19,PH,20,30,20,24.88474338,25
240,female,20-30,19,PH,20,30,29,62.40183894,62
241,female,20-30,19,PH,20,30,28,53.02663166,53
242,female,20-30,19,PH,20,30,30,46.81037076,47
243,female,20-30,19,PH,20,30,24,41.80571772,42
244,female,20-30,19,PH,20,30,21,60.78019713,61
245,female,20-30,19,PH,20,30,27,35.25866925,35
246,female,20-30,19,PH,20,30,27,66.20372006,66
247,female,20-30,19,PH,20,30,21,39.59047665,40
248,female,20-30,19,PH,20,30,24,43.3618631,43
249,female,20-30,19,PH,20,30,21,39.81128633,40
250,female,20-30,19,PH,20,30,26,36.39205329,36
251,female,20-30,19,PH,20,30,29,27.9243411,28
252,female,20-30,19,PH,20,30,25,54.21722993,54
253,female,20-30,19,PH,20,30,21,32.15735485,32
254,female,20-30,19,PH,20,30,29,79.21068486,79
255,female,20-30,19,PH,20,30,29,71.2464577,71
256,female,20-30,19,PH,20,30,23,59.19374767,59
257,female,20-30,19,PH,20,30,27,50.74600398,51
258,female,20-30,19,PH,20,30,22,66.69436243,67
259,female,20-30,19,PH,20,30,22,41.76115269,42
260,female,20-30,19,PH,20,30,30,39.29856837,39
261,female,20-30,19,PH,20,30,28,36.72984984,37
262,female,20-30,19,PH,20,30,29,65.1700387,65
263,female,20-30,19,PH,20,30,29,67.48056105,67
264,female,20-30,19,PH,20,30,24,48.96985237,49
265,male,20-30,19,PH,20,30,25,50.80183613,51
266,male,20-30,19,PH,20,30,25,64.87942893,65
267,male,20-30,19,PH,20,30,26,34.18632164,34
268,male,20-30,19,PH,20,30,28,70.66345826,71
269,male,20-30,19,PH,20,30,28,65.40463029,65
270,male,20-30,19,PH,20,30,26,74.16482718,74
271,male,20-30,19,PH,20,30,20,38.28226461,38
272,male,20-30,19,PH,20,30,25,63.49406173,63
273,male,20-30,19,PH,20,30,28,63.57594716,64
274,male,20-30,19,PH,20,30,24,81.21326681,81
275,male,20-30,19,PH,20,30,25,48.99975029,49
276,male,20-30,19,PH,20,30,24,61.35748509,61
277,male,20-30,19,PH,20,30,26,62.0578779,62
278,male,20-30,19,PH,20,30,23,52.33623659,52
279,male,20-30,19,PH,20,30,25,31.45013419,31
280,male,20-30,19,PH,20,30,27,66.45463225,66
281,male,20-30,19,PH,20,30,20,70.50191521,71
282,male,20-30,19,PH,20,30,26,72.67348724,73
283,male,20-30,19,PH,20,30,22,58.29216242,58
284,male,20-30,19,PH,20,30,21,76.53761648,77
285,male,20-30,19,PH,20,30,22,70.8255576,71
286,male,20-30,19,PH,20,30,22,56.24668632,56
287,male,20-30,19,PH,20,30,21,47.91326613,48
288,male,20-30,19,PH,20,30,26,52.62719042,53
289,male,20-30,19,PH,20,30,23,21.34569264,21
290,male,20-30,19,PH,20,30,21,35.83266016,36
291,male,20-30,19,PH,20,30,25,33.90849991,34
292,male,20-30,19,PH,20,30,20,36.46242066,36
293,male,20-30,19,PH,20,30,21,55.24659702,55
294,male,20-30,19,PH,20,30,24,36.42383861,36
295,male,20-30,19,PH,20,30,26,37.7658242,38
296,male,20-30,19,PH,20,30,24,66.93033192,67
297,male,20-30,19,PH,20,30,20,42.90530449,43
298,male,20-30,19,PH,20,30,30,40.70320562,41
299,male,20-30,19,PH,20,30,30,37.88786084,38
300,male,20-30,19,PH,20,30,26,69.55973146,70
301,male,20-30,19,PH,20,30,27,59.58182016,60
302,male,20-30,19,PH,20,30,23,58.84913957,59
303,male,20-30,19,PH,20,30,22,59.76311486,60
304,male,20-30,19,PH,20,30,26,57.76568498,58
305,male,20-30,19,PH,20,30,28,68.28550415,68
306,male,20-30,19,PH,20,30,29,47.24194772,47
307,male,20-30,19,PH,20,30,26,68.85344715,69
308,male,20-30,19,PH,20,30,21,36.24931962,36
309,male,20-30,19,PH,20,30,23,35.88986067,36
310,male,20-30,19,PH,20,30,20,33.41311067,33
311,male,20-30,19,PH,20,30,29,40.24207041,40
312,male,20-30,19,PH,20,30,20,69.05728716,69
313,male,20-30,19,PH,20,30,21,52.405308,52
314,male,20-30,19,PH,20,30,24,50.14863943,50
315,male,20-30,19,PH,20,30,22,66.51584883,67
316,male,20-30,19,PH,20,30,22,41.56418832,42
317,male,20-30,19,PH,20,30,27,57.79997931,58
318,male,20-30,19,PH,20,30,21,62.29929016,62
319,male,20-30,19,PH,20,30,26,35.0070992,35
320,male,20-30,19,PH,20,30,27,62.95683033,63
321,male,20-30,19,PH,20,30,25,67.53964025,68
322,male,20-30,19,PH,20,30,26,37.36373993,37
323,male,20-30,19,PH,20,30,28,61.93782009,62
324,male,20-30,19,PH,20,30,22,62.58785234,63
325,male,20-30,19,PH,20,30,30,61.47728166,61
326,male,20-30,19,PH,20,30,30,59.83293886,60
327,male,20-30,19,PH,20,30,20,24.1324609,24
328,male,20-30,19,PH,20,30,28,45.27165011,45
329,male,20-30,19,PH,20,30,21,56.04284248,56
330,male,20-30,19,PH,20,30,24,39.7196308,40
331,male,20-30,19,PH,20,30,20,47.8089758,48
332,male,20-30,19,PH,20,30,21,58.97398524,59
333,male,20-30,19,PH,20,30,24,40.24270058,40
334,male,20-30,19,PH,20,30,26,55.27087429,55
335,male,20-30,19,PH,20,30,21,59.783646,60
336,male,20-30,19,PH,20,30,22,59.4925306,59
337,male,20-30,19,PH,20,30,22,41.64587648,42
338,male,20-30,19,PH,20,30,22,54.44062198,54
339,male,20-30,19,PH,20,30,30,64.41521754,64
340,female,31-40,19,PH,31,40,33,45.46231325,45
341,female,31-40,19,PH,31,40,36,45.45907614,45
342,female,31-40,19,PH,31,40,39,-7.566772338,-8
343,female,31-40,19,PH,31,40,31,59.68136194,60
344,female,31-40,19,PH,31,40,32,75.10062695,75
345,female,31-40,19,PH,31,40,32,69.14025085,69
346,female,31-40,19,PH,31,40,37,59.2071003,59
347,female,31-40,19,PH,31,40,39,63.83059691,64
348,female,31-40,19,PH,31,40,35,82.47077741,82
349,female,31-40,19,PH,31,40,33,62.15455363,62
350,female,31-40,19,PH,31,40,38,41.3953244,41
351,female,31-40,19,PH,31,40,38,56.75322993,57
352,female,31-40,19,PH,31,40,36,28.8562857,29
353,female,31-40,19,PH,31,40,38,46.99452919,47
354,female,31-40,19,PH,31,40,34,61.43492913,61
355,female,31-40,19,PH,31,40,36,24.75467311,25
356,female,31-40,19,PH,31,40,38,67.20593209,67
357,female,31-40,19,PH,31,40,33,66.07545514,66
358,female,31-40,19,PH,31,40,40,58.46267122,58
359,female,31-40,19,PH,31,40,34,60.4114021,60
360,female,31-40,19,PH,31,40,40,49.98862519,50
361,female,31-40,19,PH,31,40,37,21.18052724,21
362,female,31-40,19,PH,31,40,31,63.77183584,64
363,female,31-40,19,PH,31,40,31,53.62116315,54
364,female,31-40,19,PH,31,40,38,48.01988765,48
365,female,31-40,19,PH,31,40,35,45.32991972,45
366,female,31-40,19,PH,31,40,31,38.17965505,38
367,female,31-40,19,PH,31,40,33,43.79753778,44
368,female,31-40,19,PH,31,40,38,48.94789394,49
369,female,31-40,19,PH,31,40,39,86.59808819,87
370,female,31-40,19,PH,31,40,31,49.83523099,50
371,female,31-40,19,PH,31,40,36,59.56358105,60
372,female,31-40,19,PH,31,40,35,55.84575488,56
373,female,31-40,19,PH,31,40,35,34.18409215,34
374,female,31-40,19,PH,31,40,31,63.52077351,64
375,female,31-40,19,PH,31,40,31,31.29153237,31
376,female,31-40,19,PH,31,40,31,61.13918171,61
377,female,31-40,19,PH,31,40,39,47.64431359,48
378,female,31-40,19,PH,31,40,37,83.73265041,84
379,female,31-40,19,PH,31,40,40,69.03493941,69
380,female,31-40,19,PH,31,40,34,55.82917912,56
381,female,31-40,19,PH,31,40,38,51.72833062,52
382,female,31-40,19,PH,31,40,38,75.28661793,75
383,female,31-40,19,PH,31,40,33,66.28086733,66
384,female,31-40,19,PH,31,40,31,56.7112662,57
385,female,31-40,19,PH,31,40,38,65.69881977,66
386,female,31-40,19,PH,31,40,31,53.11287378,53
387,female,31-40,19,PH,31,40,34,28.158217,28
388,female,31-40,19,PH,31,40,34,43.13543967,43
389,female,31-40,19,PH,31,40,31,61.71320878,62
390,female,31-40,19,PH,31,40,35,63.14515378,63
391,female,31-40,19,PH,31,40,40,46.31204313,46
392,female,31-40,19,PH,31,40,40,50.40939209,50
393,female,31-40,19,PH,31,40,38,64.05986953,64
394,female,31-40,19,PH,31,40,32,52.23603042,52
395,female,31-40,19,PH,31,40,39,72.29203784,72
396,female,31-40,19,PH,31,40,40,47.28177434,47
397,female,31-40,19,PH,31,40,38,43.96378923,44
398,female,31-40,19,PH,31,40,32,71.86239533,72
399,female,31-40,19,PH,31,40,40,72.11242285,72
400,female,31-40,19,PH,31,40,38,75.04761049,75
401,female,31-40,19,PH,31,40,34,62.67812642,63
402,female,31-40,19,PH,31,40,35,65.1262361,65
403,female,31-40,19,PH,31,40,36,101.645315,100
404,female,31-40,19,PH,31,40,31,59.06905388,59
405,female,31-40,19,PH,31,40,34,63.40963761,63
406,female,31-40,19,PH,31,40,39,70.66550683,71
407,female,31-40,19,PH,31,40,37,58.50530163,59
408,female,31-40,19,PH,31,40,37,61.57024754,62
409,female,31-40,19,PH,31,40,39,96.89074809,97
410,female,31-40,19,PH,31,40,37,82.67755336,83
411,female,31-40,19,PH,31,40,32,48.69831583,49
412,female,31-40,19,PH,31,40,32,53.18190816,53
413,female,31-40,19,PH,31,40,36,63.93972081,64
414,female,31-40,19,PH,31,40,35,46.66242769,47
415,female,31-40,19,PH,31,40,33,40.58807656,41
416,female,31-40,19,PH,31,40,39,70.70285102,71
417,female,31-40,19,PH,31,40,39,49.26561143,49
418,female,31-40,19,PH,31,40,31,15.14461689,15
419,female,31-40,19,PH,31,40,36,67.53591088,68
420,female,31-40,19,PH,31,40,34,56.75575397,57
421,female,31-40,19,PH,31,40,35,33.60366099,34
422,female,31-40,19,PH,31,40,37,42.71591137,43
423,female,31-40,19,PH,31,40,32,59.26070057,59
424,female,31-40,19,PH,31,40,40,52.79077058,53
425,female,31-40,19,PH,31,40,34,27.65019098,28
426,female,31-40,19,PH,31,40,31,36.45021719,36
427,female,31-40,19,PH,31,40,32,71.41894973,71
428,female,31-40,19,PH,31,40,31,42.13453405,42
429,female,31-40,19,PH,31,40,33,45.17289397,45
430,female,31-40,19,PH,31,40,33,66.82063833,67
431,female,31-40,19,PH,31,40,38,47.74176241,48
432,female,31-40,19,PH,31,40,32,45.03227163,45
433,female,31-40,19,PH,31,40,31,63.56364366,64
434,female,31-40,19,PH,31,40,33,54.18214907,54
435,female,31-40,19,PH,31,40,33,36.13011487,36
436,female,31-40,19,PH,31,40,38,55.45748373,55
437,female,31-40,19,PH,31,40,35,36.58334146,37
438,female,31-40,19,PH,31,40,38,37.54889663,38
439,female,31-40,19,PH,31,40,34,44.58758691,45
440,female,31-40,19,PH,31,40,40,8.228649346,8
441,female,31-40,19,PH,31,40,34,91.86369302,92
442,female,31-40,19,PH,31,40,38,53.21975353,53
443,female,31-40,19,PH,31,40,33,54.1070595,54
444,female,31-40,19,PH,31,40,35,85.41840702,85
445,female,31-40,19,PH,31,40,37,67.99396101,68
446,female,31-40,19,PH,31,40,31,41.84889981,42
447,female,31-40,19,PH,31,40,32,88.24020538,88
448,female,31-40,19,PH,31,40,32,42.58612197,43
449,female,31-40,19,PH,31,40,40,38.29027302,38
450,female,31-40,19,PH,31,40,39,37.17082635,37
451,female,31-40,19,PH,31,40,35,62.94734499,63
452,female,31-40,19,PH,31,40,40,53.67571126,54
453,female,31-40,19,PH,31,40,35,78.41233995,78
454,female,31-40,19,PH,31,40,39,73.43317333,73
455,female,31-40,19,PH,31,40,36,95.65622804,96
456,female,31-40,19,PH,31,40,35,59.7285224,60
457,female,31-40,19,PH,31,40,38,39.3300304,39
458,female,31-40,19,PH,31,40,39,70.22570189,70
459,female,31-40,19,PH,31,40,37,30.51500789,31
460,female,31-40,19,PH,31,40,34,17.4177534,17
461,female,31-40,19,PH,31,40,31,39.06421637,39
462,female,31-40,19,PH,31,40,33,46.85567977,47
463,female,31-40,19,PH,31,40,40,57.773951,58
464,female,31-40,19,PH,31,40,31,43.82090419,44
465,female,31-40,19,PH,31,40,35,66.57281014,67
466,female,31-40,19,PH,31,40,39,34.75964218,35
467,female,31-40,19,PH,31,40,37,54.64794014,55
468,female,31-40,19,PH,31,40,34,17.05905879,17
469,female,31-40,19,PH,31,40,40,48.66005593,49
470,female,31-40,19,PH,31,40,35,26.69377089,27
471,female,31-40,19,PH,31,40,33,62.34968857,62
472,female,31-40,19,PH,31,40,40,24.84039472,25
473,female,31-40,19,PH,31,40,37,46.53424336,47
474,female,31-40,19,PH,31,40,33,21.22441756,21
475,female,31-40,19,PH,31,40,36,43.77190439,44
476,female,31-40,19,PH,31,40,33,65.6547165,66
477,female,31-40,19,PH,31,40,37,42.36742947,42
478,female,31-40,19,PH,31,40,38,43.27111205,43
479,female,31-40,19,PH,31,40,34,64.04009834,64
480,female,31-40,19,PH,31,40,37,34.62361368,35
481,female,31-40,19,PH,31,40,39,43.83136389,44
482,female,31-40,19,PH,31,40,36,36.91331483,37
483,female,31-40,19,PH,31,40,40,51.44361805,51
484,female,31-40,19,PH,31,40,37,56.43676405,56
485,female,31-40,19,PH,31,40,39,50.37424965,50
486,female,31-40,19,PH,31,40,39,58.65972135,59
487,female,31-40,19,PH,31,40,38,53.32507521,53
488,female,31-40,19,PH,31,40,31,53.28923448,53
489,female,31-40,19,PH,31,40,40,67.24450129,67
490,female,31-40,19,PH,31,40,38,61.59976416,62
491,female,31-40,19,PH,31,40,33,44.02661678,44
492,female,31-40,19,PH,31,40,36,57.0848639,57
493,female,31-40,19,PH,31,40,38,31.11807856,31
494,female,31-40,19,PH,31,40,31,62.07227421,62
495,female,31-40,19,PH,31,40,36,51.4082987,51
496,female,31-40,19,PH,31,40,40,60.97259883,61
497,female,31-40,19,PH,31,40,36,40.76201917,41
498,female,31-40,19,PH,31,40,40,64.6374892,65
499,female,31-40,19,PH,31,40,36,60.44244459,60
500,female,31-40,19,PH,31,40,32,66.58794146,67
501,female,31-40,19,PH,31,40,36,41.31343087,41
502,female,31-40,19,PH,31,40,34,79.59535433,80
503,female,31-40,19,PH,31,40,34,71.05612098,71
504,female,31-40,19,PH,31,40,38,45.28581086,45
505,male,31-40,19,PH,31,40,40,49.86007313,50
506,male,31-40,19,PH,31,40,36,82.4276305,82
507,male,31-40,19,PH,31,40,31,53.78306666,54
508,male,31-40,19,PH,31,40,39,59.45021925,59
509,male,31-40,19,PH,31,40,40,61.26652049,61
510,male,31-40,19,PH,31,40,35,62.27215803,62
511,male,31-40,19,PH,31,40,38,42.50603423,43
512,male,31-40,19,PH,31,40,36,57.85024493,58
513,male,31-40,19,PH,31,40,33,60.06955463,60
514,male,31-40,19,PH,31,40,37,51.23678168,51
515,male,31-40,19,PH,31,40,32,49.43143437,49
516,male,31-40,19,PH,31,40,39,64.27243277,64
517,male,31-40,19,PH,31,40,38,46.70240721,47
518,male,31-40,19,PH,31,40,40,50.09921935,50
519,male,31-40,19,PH,31,40,39,46.4520857,46
520,male,31-40,19,PH,31,40,33,41.88559624,42
521,male,31-40,19,PH,31,40,37,69.68457435,70
522,male,31-40,19,PH,31,40,33,76.43353719,76
523,male,31-40,19,PH,31,40,35,51.08985028,51
524,male,31-40,19,PH,31,40,37,49.81046511,50
525,male,31-40,19,PH,31,40,35,57.4415997,57
526,male,31-40,19,PH,31,40,34,73.90265037,74
527,male,31-40,19,PH,31,40,36,59.76586558,60
528,male,31-40,19,PH,31,40,34,77.91602082,78
529,male,31-40,19,PH,31,40,39,48.23318719,48
530,male,31-40,19,PH,31,40,38,60.79636861,61
531,male,31-40,19,PH,31,40,31,53.88821868,54
532,male,31-40,19,PH,31,40,39,55.34260374,55
533,male,31-40,19,PH,31,40,39,58.966328,59
534,male,31-40,19,PH,31,40,36,57.49530427,57
535,male,31-40,19,PH,31,40,31,52.81693542,53
536,male,31-40,19,PH,31,40,37,33.22137738,33
537,male,31-40,19,PH,31,40,34,38.53794016,39
538,male,31-40,19,PH,31,40,34,47.81246982,48
539,male,31-40,19,PH,31,40,31,62.67209203,63
540,male,31-40,19,PH,31,40,31,67.97584566,68
541,male,31-40,19,PH,31,40,40,56.91253559,57
542,male,31-40,19,PH,31,40,33,39.65795619,40
543,male,31-40,19,PH,31,40,35,43.02962123,43
544,male,31-40,19,PH,31,40,35,80.27421824,80
545,male,31-40,19,PH,31,40,32,45.04090176,45
546,male,31-40,19,PH,31,40,36,64.68477559,65
547,male,31-40,19,PH,31,40,36,63.32274873,63
548,male,31-40,19,PH,31,40,39,65.04258009,65
549,male,31-40,19,PH,31,40,35,39.16997982,39
550,male,31-40,19,PH,31,40,39,52.84349232,53
551,male,31-40,19,PH,31,40,31,32.69392967,33
552,male,31-40,19,PH,31,40,40,52.8477381,53
553,male,31-40,19,PH,31,40,36,67.38783858,67
554,male,31-40,19,PH,31,40,38,48.74563963,49
555,male,31-40,19,PH,31,40,33,63.75866867,64
556,male,31-40,19,PH,31,40,40,60.70014432,61
557,male,31-40,19,PH,31,40,38,49.49644208,49
558,male,31-40,19,PH,31,40,36,57.44452101,57
559,male,31-40,19,PH,31,40,37,63.54472316,64
560,male,31-40,19,PH,31,40,33,50.00751202,50
561,male,31-40,19,PH,31,40,40,44.56943704,45
562,male,31-40,19,PH,31,40,33,44.26985058,44
563,male,31-40,19,PH,31,40,40,49.35248862,49
564,male,31-40,19,PH,31,40,35,59.38397183,59
565,male,31-40,19,PH,31,40,32,43.26056426,43
566,male,31-40,19,PH,31,40,38,38.2680704,38
567,male,31-40,19,PH,31,40,38,55.62187328,56
568,male,31-40,19,PH,31,40,34,44.43148898,44
569,male,31-40,19,PH,31,40,39,39.07641088,39
570,male,31-40,19,PH,31,40,40,63.30964356,63
571,male,31-40,19,PH,31,40,39,37.23806131,37
572,male,31-40,19,PH,31,40,36,56.38551226,56
573,male,31-40,19,PH,31,40,37,69.47176294,69
574,male,31-40,19,PH,31,40,37,65.54320899,66
575,male,31-40,19,PH,31,40,39,69.49528072,69
576,male,31-40,19,PH,31,40,35,53.58124996,54
577,male,31-40,19,PH,31,40,35,71.2887941,71
578,male,31-40,19,PH,31,40,31,47.16861877,47
579,male,31-40,19,PH,31,40,37,38.99257895,39
580,male,31-40,19,PH,31,40,40,43.32441741,43
581,male,31-40,19,PH,31,40,37,47.65375515,48
582,male,31-40,19,PH,31,40,32,39.14875575,39
583,male,31-40,19,PH,31,40,36,69.00145573,69
584,male,31-40,19,PH,31,40,38,51.77200882,52
585,male,31-40,19,PH,31,40,35,66.52135099,67
586,male,31-40,19,PH,31,40,39,52.0969052,52
587,male,31-40,19,PH,31,40,36,33.33895387,33
588,male,31-40,19,PH,31,40,40,56.86037172,57
589,male,31-40,19,PH,31,40,35,45.29433178,45
590,male,31-40,19,PH,31,40,36,59.44930808,59
591,male,31-40,19,PH,31,40,40,41.34427908,41
592,male,31-40,19,PH,31,40,36,47.47020133,47
593,male,31-40,19,PH,31,40,31,75.18208652,75
594,male,31-40,19,PH,31,40,31,62.29764419,62
595,male,31-40,19,PH,31,40,36,68.37268577,68
596,male,31-40,19,PH,31,40,32,58.75937449,59
597,male,31-40,19,PH,31,40,36,50.97682492,51
598,male,31-40,19,PH,31,40,35,25.92396936,26
599,male,31-40,19,PH,31,40,32,84.64139167,85
600,male,31-40,19,PH,31,40,33,67.84367368,68
601,male,31-40,19,PH,31,40,38,46.62725117,47
602,male,31-40,19,PH,31,40,40,46.36081449,46
603,male,31-40,19,PH,31,40,34,68.45522039,68
604,male,31-40,19,PH,31,40,33,55.90086568,56
605,male,31-40,19,PH,31,40,37,63.81536548,64
606,male,31-40,19,PH,31,40,40,68.5716063,69
607,male,31-40,19,PH,31,40,34,70.25803362,70
608,male,31-40,19,PH,31,40,38,14.42805974,14
609,male,31-40,19,PH,31,40,37,33.82848873,34
610,male,31-40,19,PH,31,40,31,75.16401402,75
611,male,31-40,19,PH,31,40,31,77.83033018,78
612,male,31-40,19,PH,31,40,38,46.40832908,46
613,male,31-40,19,PH,31,40,37,57.64311235,58
614,male,31-40,19,PH,31,40,38,39.55006102,40
615,male,31-40,19,PH,31,40,36,62.34863375,62
616,male,31-40,19,PH,31,40,40,58.04775188,58
617,male,31-40,19,PH,31,40,37,49.39988845,49
618,male,31-40,19,PH,31,40,38,41.62408259,42
619,male,31-40,19,PH,31,40,40,46.36002652,46
620,male,31-40,19,PH,31,40,39,68.0350984,68
621,male,31-40,19,PH,31,40,37,65.6381589,66
622,male,31-40,19,PH,31,40,40,59.94541933,60
623,male,31-40,19,PH,31,40,37,47.43210528,47
624,male,31-40,19,PH,31,40,33,56.57075352,57
625,male,31-40,19,PH,31,40,37,49.66605769,50
626,male,31-40,19,PH,31,40,40,56.33997991,56
627,male,31-40,19,PH,31,40,35,63.40253283,63
628,male,31-40,19,PH,31,40,36,37.86166346,38
629,male,31-40,19,PH,31,40,37,61.88690603,62
630,male,31-40,19,PH,31,40,40,53.76288449,54
631,male,31-40,19,PH,31,40,40,65.50344736,66
632,male,31-40,19,PH,31,40,31,57.23084891,57
633,male,31-40,19,PH,31,40,40,63.71572652,64
634,male,31-40,19,PH,31,40,31,40.69640034,41
635,male,31-40,19,PH,31,40,40,47.37443021,47
636,male,31-40,19,PH,31,40,39,65.63520268,66
637,male,31-40,19,PH,31,40,40,43.72636535,44
638,male,31-40,19,PH,31,40,37,66.94098747,67
639,male,31-40,19,PH,31,40,39,58.09424927,58
640,male,31-40,19,PH,31,40,36,52.67946182,53
641,male,31-40,19,PH,31,40,38,49.50244747,50
642,male,31-40,19,PH,31,40,33,49.25777212,49
643,male,31-40,19,PH,31,40,40,55.48968277,55
644,male,31-40,19,PH,31,40,36,70.86646248,71
645,male,31-40,19,PH,31,40,34,76.40729957,76
646,female,41-50,19,PH,41,50,48,34.11499515,34
647,female,41-50,19,PH,41,50,49,15.58960158,16
648,female,41-50,19,PH,41,50,45,57.79854629,58
649,female,41-50,19,PH,41,50,50,60.17932192,60
650,female,41-50,19,PH,41,50,44,38.72168839,39
651,female,41-50,19,PH,41,50,48,71.06730673,71
652,female,41-50,19,PH,41,50,42,36.12036096,36
653,female,41-50,19,PH,41,50,50,47.73307592,48
654,female,41-50,19,PH,41,50,50,58.29748601,58
655,female,41-50,19,PH,41,50,41,29.35966914,29
656,female,41-50,19,PH,41,50,45,53.72511027,54
657,female,41-50,19,PH,41,50,43,76.49226252,76
658,female,41-50,19,PH,41,50,48,85.24305021,85
659,female,41-50,19,PH,41,50,45,65.7112696,66
660,female,41-50,19,PH,41,50,46,54.94504592,55
661,female,41-50,19,PH,41,50,43,62.06625443,62
662,female,41-50,19,PH,41,50,50,37.40759004,37
663,female,41-50,19,PH,41,50,48,37.84567402,38
664,female,41-50,19,PH,41,50,46,61.74779677,62
665,female,41-50,19,PH,41,50,45,50.0380604,50
666,female,41-50,19,PH,41,50,41,58.61467184,59
667,female,41-50,19,PH,41,50,45,63.82159939,64
668,female,41-50,19,PH,41,50,47,43.68732961,44
669,female,41-50,19,PH,41,50,48,58.49599421,58
670,female,41-50,19,PH,41,50,42,71.86864505,72
671,female,41-50,19,PH,41,50,44,36.82509343,37
672,female,41-50,19,PH,41,50,49,49.53905601,50
673,female,41-50,19,PH,41,50,49,43.65714913,44
674,female,41-50,19,PH,41,50,48,71.14632379,71
675,female,41-50,19,PH,41,50,50,25.61456295,26
676,female,41-50,19,PH,41,50,50,102.8120365,100
677,female,41-50,19,PH,41,50,42,58.65093924,59
678,female,41-50,19,PH,41,50,46,38.29362676,38
679,female,41-50,19,PH,41,50,41,44.13859978,44
680,female,41-50,19,PH,41,50,47,87.74006589,88
681,female,41-50,19,PH,41,50,48,63.52066876,64
682,female,41-50,19,PH,41,50,45,69.95440072,70
683,female,41-50,19,PH,41,50,48,68.90412893,69
684,female,41-50,19,PH,41,50,46,58.1779507,58
685,female,41-50,19,PH,41,50,43,41.69222395,42
686,female,41-50,19,PH,41,50,50,43.74819427,44
687,female,41-50,19,PH,41,50,45,48.77737976,49
688,female,41-50,19,PH,41,50,44,58.62365714,59
689,female,41-50,19,PH,41,50,44,64.92703981,65
690,female,41-50,19,PH,41,50,41,55.91488143,56
691,female,41-50,19,PH,41,50,50,45.28309779,45
692,female,41-50,19,PH,41,50,46,53.63681481,54
693,female,41-50,19,PH,41,50,42,22.29181656,22
694,female,41-50,19,PH,41,50,50,68.57973859,69
695,female,41-50,19,PH,41,50,42,70.45455346,70
696,female,41-50,19,PH,41,50,48,48.7916172,49
697,female,41-50,19,PH,41,50,47,64.74057251,65
698,female,41-50,19,PH,41,50,46,74.5017437,75
699,female,41-50,19,PH,41,50,41,51.67418203,52
700,female,41-50,19,PH,41,50,50,42.79872305,43
701,female,41-50,19,PH,41,50,47,65.23209772,65
702,female,41-50,19,PH,41,50,43,40.44517584,40
703,female,41-50,19,PH,41,50,50,26.14519304,26
704,female,41-50,19,PH,41,50,49,40.9726484,41
705,female,41-50,19,PH,41,50,47,47.13628558,47
706,female,41-50,19,PH,41,50,45,69.38318542,69
707,female,41-50,19,PH,41,50,48,47.53854018,48
708,female,41-50,19,PH,41,50,49,52.37880286,52
709,female,41-50,19,PH,41,50,47,38.75089685,39
710,female,41-50,19,PH,41,50,41,44.49816939,44
711,female,41-50,19,PH,41,50,49,53.84355549,54
712,female,41-50,19,PH,41,50,47,76.26507031,76
713,female,41-50,19,PH,41,50,41,31.35835861,31
714,female,41-50,19,PH,41,50,44,58.84159804,59
715,female,41-50,19,PH,41,50,47,59.37644206,59
716,female,41-50,19,PH,41,50,42,55.3941197,55
717,female,41-50,19,PH,41,50,50,48.52064175,49
718,female,41-50,19,PH,41,50,42,66.63646571,67
719,female,41-50,19,PH,41,50,48,60.28862067,60
720,female,41-50,19,PH,41,50,47,62.13782761,62
721,female,41-50,19,PH,41,50,47,26.21719366,26
722,female,41-50,19,PH,41,50,43,54.60238745,55
723,female,41-50,19,PH,41,50,41,44.26975894,44
724,female,41-50,19,PH,41,50,47,26.31770856,26
725,female,41-50,19,PH,41,50,43,75.53249366,76
726,female,41-50,19,PH,41,50,42,66.6378787,67
727,female,41-50,19,PH,41,50,47,69.57401655,70
728,female,41-50,19,PH,41,50,46,53.03061691,53
729,male,41-50,19,PH,41,50,41,67.85254234,68
730,male,41-50,19,PH,41,50,45,56.90560835,57
731,male,41-50,19,PH,41,50,45,41.23223314,41
732,male,41-50,19,PH,41,50,49,53.01191675,53
733,male,41-50,19,PH,41,50,50,43.59843716,44
734,male,41-50,19,PH,41,50,49,51.37714307,51
735,male,41-50,19,PH,41,50,50,32.55659545,33
736,male,41-50,19,PH,41,50,42,82.417111,82
737,male,41-50,19,PH,41,50,44,43.82397915,44
738,male,41-50,19,PH,41,50,48,57.33569027,57
739,male,41-50,19,PH,41,50,45,51.63286794,52
740,male,41-50,19,PH,41,50,41,60.03025239,60
741,male,41-50,19,PH,41,50,45,44.90365156,45
742,male,41-50,19,PH,41,50,44,56.61560955,57
743,male,41-50,19,PH,41,50,45,58.78789068,59
744,male,41-50,19,PH,41,50,43,49.5381487,50
745,male,41-50,19,PH,41,50,43,30.75649417,31
746,male,41-50,19,PH,41,50,41,34.46405371,34
747,male,41-50,19,PH,41,50,45,54.22749804,54
748,male,41-50,19,PH,41,50,48,61.00246821,61
749,male,41-50,19,PH,41,50,48,49.49408972,49
750,male,41-50,19,PH,41,50,50,27.43564541,27
751,male,41-50,19,PH,41,50,48,32.98845568,33
752,male,41-50,19,PH,41,50,44,45.98390511,46
753,male,41-50,19,PH,41,50,41,66.489317,66
754,male,41-50,19,PH,41,50,49,27.57338034,28
755,male,41-50,19,PH,41,50,42,47.74405243,48
756,male,41-50,19,PH,41,50,49,45.29868463,45
757,male,41-50,19,PH,41,50,50,61.79794233,62
758,male,41-50,19,PH,41,50,44,31.75190077,32
759,male,41-50,19,PH,41,50,44,53.50816217,54
760,male,41-50,19,PH,41,50,46,34.82205404,35
761,male,41-50,19,PH,41,50,47,62.05832248,62
762,male,41-50,19,PH,41,50,50,46.14546605,46
763,male,41-50,19,PH,41,50,44,79.73842933,80
764,male,41-50,19,PH,41,50,45,39.70113819,40
765,male,41-50,19,PH,41,50,41,62.32585576,62
766,male,41-50,19,PH,41,50,42,71.22812851,71
767,male,41-50,19,PH,41,50,45,53.16184353,53
768,male,41-50,19,PH,41,50,42,67.35621298,67
769,male,41-50,19,PH,41,50,43,76.27961033,76
770,male,41-50,19,PH,41,50,46,56.68210324,57
771,male,41-50,19,PH,41,50,47,59.30389458,59
772,male,41-50,19,PH,41,50,48,62.44103211,62
773,male,41-50,19,PH,41,50,49,78.60530413,79
774,male,41-50,19,PH,41,50,41,60.61759225,61
775,male,41-50,19,PH,41,50,50,72.22795432,72
776,male,41-50,19,PH,41,50,49,52.36746325,52
777,male,41-50,19,PH,41,50,47,75.01011338,75
778,male,41-50,19,PH,41,50,49,102.8473304,100
779,male,41-50,19,PH,41,50,45,51.45318677,51
780,male,41-50,19,PH,41,50,45,47.58780325,48
781,male,41-50,19,PH,41,50,44,28.3684133,28
782,male,41-50,19,PH,41,50,45,39.52063646,40
783,male,41-50,19,PH,41,50,42,60.82077753,61
784,male,41-50,19,PH,41,50,43,50.17547251,50
785,male,41-50,19,PH,41,50,41,76.07412141,76
786,male,41-50,19,PH,41,50,47,42.66946853,43
787,male,41-50,19,PH,41,50,41,74.84731793,75
788,male,41-50,19,PH,41,50,41,55.46236828,55
789,male,41-50,19,PH,41,50,46,55.29585214,55
790,male,41-50,19,PH,41,50,42,57.57972153,58
791,male,41-50,19,PH,41,50,41,40.19269234,40
792,male,41-50,19,PH,41,50,46,33.25423094,33
793,male,41-50,19,PH,41,50,44,48.36246371,48
794,male,41-50,19,PH,41,50,50,75.56580901,76
795,male,41-50,19,PH,41,50,45,64.57549221,65
796,male,41-50,19,PH,41,50,42,42.76461685,43
797,male,41-50,19,PH,41,50,50,25.32349055,25
798,male,41-50,19,PH,41,50,47,26.87414663,27
799,male,41-50,19,PH,41,50,49,57.42214902,57
800,male,41-50,19,PH,41,50,50,42.92117475,43
801,male,41-50,19,PH,41,50,41,68.99575283,69
802,male,41-50,19,PH,41,50,42,30.61144268,31
803,male,41-50,19,PH,41,50,41,54.95601565,55
804,male,41-50,19,PH,41,50,43,50.70203765,51
805,male,41-50,19,PH,41,50,48,7.050443196,7
806,male,41-50,19,PH,41,50,44,39.00112399,39
807,male,41-50,19,PH,41,50,49,59.39279467,59
808,male,41-50,19,PH,41,50,45,50.24950228,50
809,male,41-50,19,PH,41,50,49,61.32468344,61
810,male,41-50,19,PH,41,50,44,71.11802035,71
811,male,41-50,19,PH,41,50,48,48.17216162,48
812,male,41-50,19,PH,41,50,50,34.53720106,35
813,male,41-50,19,PH,41,50,46,28.82784163,29
814,male,41-50,19,PH,41,50,46,68.61402897,69
815,male,41-50,19,PH,41,50,46,60.57270603,61
816,male,41-50,19,PH,41,50,42,78.65402541,79
817,male,41-50,19,PH,41,50,43,87.17352099,87
818,male,41-50,19,PH,41,50,50,33.50933116,34
819,male,41-50,19,PH,41,50,49,57.05871979,57
820,male,41-50,19,PH,41,50,44,49.7423137,50
821,male,41-50,19,PH,41,50,43,49.6207396,50
822,male,41-50,19,PH,41,50,48,38.04344091,38
823,male,41-50,19,PH,41,50,44,65.58457677,66
824,male,41-50,19,PH,41,50,49,86.12967643,86
825,male,41-50,19,PH,41,50,41,9.789378929,10
826,male,41-50,19,PH,41,50,42,36.45231426,36
827,male,41-50,19,PH,41,50,48,59.69225091,60
828,female,51-60,19,PH,51,60,57,53.25527681,53
829,female,51-60,19,PH,51,60,57,82.47682172,82
830,female,51-60,19,PH,51,60,59,36.7331607,37
831,female,51-60,19,PH,51,60,51,67.43151929,67
832,female,51-60,19,PH,51,60,56,24.00659735,24
833,female,51-60,19,PH,51,60,53,40.7618355,41
834,female,51-60,19,PH,51,60,55,40.69577255,41
835,female,51-60,19,PH,51,60,60,55.42634314,55
836,female,51-60,19,PH,51,60,51,72.94744457,73
837,female,51-60,19,PH,51,60,55,63.54953475,64
838,female,51-60,19,PH,51,60,53,47.53285692,48
839,female,51-60,19,PH,51,60,57,51.48989628,51
840,female,51-60,19,PH,51,60,53,110.939238,100
841,female,51-60,19,PH,51,60,52,56.47294726,56
842,female,51-60,19,PH,51,60,57,107.9166587,100
843,female,51-60,19,PH,51,60,60,77.88656673,78
844,female,51-60,19,PH,51,60,52,39.02402391,39
845,female,51-60,19,PH,51,60,55,88.71929718,89
846,female,51-60,19,PH,51,60,54,30.6688947,31
847,female,51-60,19,PH,51,60,54,79.70014405,80
848,female,51-60,19,PH,51,60,58,71.83278705,72
849,female,51-60,19,PH,51,60,59,50.27721746,50
850,female,51-60,19,PH,51,60,60,48.4965048,48
851,female,51-60,19,PH,51,60,55,91.94952034,92
852,female,51-60,19,PH,51,60,54,95.63060099,96
853,female,51-60,19,PH,51,60,57,49.271342,49
854,female,51-60,19,PH,51,60,60,100.4622859,100
855,female,51-60,19,PH,51,60,58,57.28273003,57
856,female,51-60,19,PH,51,60,56,65.00043913,65
857,female,51-60,19,PH,51,60,54,98.27395421,98
858,female,51-60,19,PH,51,60,57,72.37906573,72
859,female,51-60,19,PH,51,60,57,33.32736415,33
860,female,51-60,19,PH,51,60,60,70.59179893,71
861,female,51-60,19,PH,51,60,58,53.12155964,53
862,female,51-60,19,PH,51,60,58,32.72147793,33
863,female,51-60,19,PH,51,60,52,80.65501689,81
864,female,51-60,19,PH,51,60,58,61.49111668,61
865,female,51-60,19,PH,51,60,52,41.30099014,41
866,female,51-60,19,PH,51,60,54,31.52492039,32
867,female,51-60,19,PH,51,60,53,111.4384224,100
868,female,51-60,19,PH,51,60,54,3.595473057,4
869,female,51-60,19,PH,51,60,59,111.4300592,100
870,female,51-60,19,PH,51,60,51,57.31943721,57
871,female,51-60,19,PH,51,60,53,87.72873617,88
872,female,51-60,19,PH,51,60,51,73.30356173,73
873,female,51-60,19,PH,51,60,51,50.9786576,51
874,female,51-60,19,PH,51,60,57,91.22099126,91
875,female,51-60,19,PH,51,60,59,86.33127984,86
876,female,51-60,19,PH,51,60,58,86.46548478,86
877,female,51-60,19,PH,51,60,57,49.63659709,50
878,female,51-60,19,PH,51,60,59,46.53983698,47
879,female,51-60,19,PH,51,60,52,69.50381022,70
880,female,51-60,19,PH,51,60,51,37.73257327,38
881,male,51-60,19,PH,51,60,55,74.03978846,74
882,male,51-60,19,PH,51,60,59,77.65383792,78
883,male,51-60,19,PH,51,60,53,54.95414762,55
884,male,51-60,19,PH,51,60,59,59.62960824,60
885,male,51-60,19,PH,51,60,59,94.36718779,94
886,male,51-60,19,PH,51,60,52,62.11205982,62
887,male,51-60,19,PH,51,60,51,43.00216906,43
888,male,51-60,19,PH,51,60,54,87.14475761,87
889,male,51-60,19,PH,51,60,60,91.10635189,91
890,male,51-60,19,PH,51,60,55,85.08618815,85
891,male,51-60,19,PH,51,60,55,79.34858426,79
892,male,51-60,19,PH,51,60,58,68.78019396,69
893,male,51-60,19,PH,51,60,57,24.07569544,24
894,male,51-60,19,PH,51,60,59,70.17154687,70
895,male,51-60,19,PH,51,60,60,83.79565026,84
896,male,51-60,19,PH,51,60,56,57.06025276,57
897,male,51-60,19,PH,51,60,54,73.29429643,73
898,male,51-60,19,PH,51,60,58,68.39213311,68
899,male,51-60,19,PH,51,60,58,61.37145755,61
900,male,51-60,19,PH,51,60,53,66.30445545,66
901,male,51-60,19,PH,51,60,58,40.63029284,41
902,male,51-60,19,PH,51,60,54,33.0956789,33
903,male,51-60,19,PH,51,60,60,72.90348839,73
904,male,51-60,19,PH,51,60,54,56.96353022,57
905,male,51-60,19,PH,51,60,60,61.03655811,61
906,male,51-60,19,PH,51,60,58,81.56716193,82
907,male,51-60,19,PH,51,60,52,95.10735889,95
908,male,51-60,19,PH,51,60,58,40.68836423,41
909,male,51-60,19,PH,51,60,53,57.90696016,58
910,male,51-60,19,PH,51,60,57,34.41061035,34
911,male,51-60,19,PH,51,60,53,44.27574615,44
912,male,51-60,19,PH,51,60,59,69.3289217,69
913,male,51-60,19,PH,51,60,60,54.71915473,55
914,male,51-60,19,PH,51,60,53,42.54136824,43
915,male,51-60,19,PH,51,60,53,70.28804279,70
916,male,51-60,19,PH,51,60,53,58.95159098,59
917,male,51-60,19,PH,51,60,55,41.23179836,41
918,male,51-60,19,PH,51,60,52,72.44231024,72
919,male,51-60,19,PH,51,60,54,-4.603300003,-5
920,male,51-60,19,PH,51,60,55,59.39828063,59
921,male,51-60,19,PH,51,60,53,46.64122159,47
922,male,51-60,19,PH,51,60,60,55.98498342,56
923,male,51-60,19,PH,51,60,60,83.89109364,84
924,male,51-60,19,PH,51,60,51,54.46589901,54
925,male,51-60,19,PH,51,60,60,63.35379359,63
926,male,51-60,19,PH,51,60,59,63.73285341,64
927,male,51-60,19,PH,51,60,54,45.34305108,45
928,male,51-60,19,PH,51,60,51,57.62613254,58
929,male,51-60,19,PH,51,60,53,45.05470703,45
930,male,51-60,19,PH,51,60,60,46.31348001,46
931,male,51-60,19,PH,51,60,52,90.90101997,91
932,male,51-60,19,PH,51,60,51,56.23466837,56
933,male,51-60,19,PH,51,60,55,45.44861392,45
934,male,51-60,19,PH,51,60,51,85.91797024,86
935,male,51-60,19,PH,51,60,58,75.24879684,75
936,male,51-60,19,PH,51,60,55,70.88047765,71
937,male,51-60,19,PH,51,60,55,66.369533,66
938,male,51-60,19,PH,51,60,51,74.3937257,74
939,male,51-60,19,PH,51,60,51,18.40006705,18
940,male,51-60,19,PH,51,60,58,46.81742399,47
941,male,51-60,19,PH,51,60,59,56.49585007,56
942,male,51-60,19,PH,51,60,57,67.06530093,67
943,male,51-60,19,PH,51,60,59,51.75125089,52
944,male,51-60,19,PH,51,60,59,52.65128691,53
945,male,51-60,19,PH,51,60,52,86.90187342,87
946,male,51-60,19,PH,51,60,55,82.66398759,83
947,male,51-60,19,PH,51,60,53,41.84217457,42
948,male,51-60,19,PH,51,60,52,83.14160107,83
949,male,51-60,19,PH,51,60,53,85.72386722,86
950,male,51-60,19,PH,51,60,53,54.95239928,55
951,male,51-60,19,PH,51,60,60,53.10484624,53
952,male,51-60,19,PH,51,60,54,73.24882961,73
953,male,51-60,19,PH,51,60,59,98.27207687,98
954,male,51-60,19,PH,51,60,51,63.21093713,63
955,male,51-60,19,PH,51,60,52,61.69068683,62
956,male,51-60,19,PH,51,60,57,73.6618943,74
957,male,51-60,19,PH,51,60,58,65.69354946,66
958,male,51-60,19,PH,51,60,52,29.06885481,29
959,male,51-60,19,PH,51,60,52,60.30164276,60
960,male,51-60,19,PH,51,60,59,70.78275101,71
961,male,51-60,19,PH,51,60,58,51.86719856,52
